ID,date,history,reopenings,comments,numWords,score1,score2
CLOUDSTACK-10376,2018-05-02,,0,0,2,1,-1
CLOUDSTACK-10375,2018-05-02,,0,0,2,1,-1
CLOUDSTACK-10374,2018-04-26,,0,0,2,1,-1
CLOUDSTACK-10373,2018-04-25,,0,0,2,1,-1
CLOUDSTACK-10372,2018-04-24,,0,0,2,1,-1
CLOUDSTACK-10371,2018-04-24,,0,0,2,1,-1
CLOUDSTACK-10370,2018-04-24,,0,0,2,1,-1
CLOUDSTACK-10369,2018-04-24,,0,0,2,1,-1
CLOUDSTACK-10368,2018-04-24,,0,0,2,1,-1
CLOUDSTACK-10367,2018-04-24,,0,0,2,1,-1
CLOUDSTACK-10366,2018-04-24,,0,0,2,1,-1
CLOUDSTACK-10365,2018-04-24,,0,8,2126,1,-2
CLOUDSTACK-10364,2018-04-24,,0,7,768,2,-2
CLOUDSTACK-10363,2018-04-24,,0,9,1058,2,-2
CLOUDSTACK-10362,2018-04-24,,0,13,1835,2,-2
CLOUDSTACK-10361,2018-04-24,,0,0,2,1,-1
CLOUDSTACK-10360,2018-04-24,,0,10,942,2,-2
CLOUDSTACK-10359,2018-04-22,"Date: 2018-04-24T01:07:10.290-07:00, From: Open To: Resolved",0,10,984,2,-2
CLOUDSTACK-10358,2018-04-19,"Date: 2018-04-19T05:50:20.998-07:00, From: Open To: In ProgressDate: 2018-04-26T06:11:50.303-07:00, From: In Progress To: Resolved",0,2,92,1,-1
CLOUDSTACK-10357,2018-04-18,,0,11,1917,1,-2
CLOUDSTACK-10356,2018-04-14,"Date: 2018-04-26T06:04:36.067-07:00, From: Open To: Resolved",0,30,3850,2,-2
CLOUDSTACK-10355,2018-04-09,,0,1,33,1,-1
CLOUDSTACK-10354,2018-04-05,"Date: 2018-04-13T13:50:04.024-07:00, From: Open To: Resolved",0,0,2,1,-1
CLOUDSTACK-10353,2018-04-04,"Date: 2018-04-06T03:50:58.713-07:00, From: Open To: Closed",0,1,27,1,-1
CLOUDSTACK-10352,2018-04-03,"Date: 2018-04-03T12:55:44.792-07:00, From: Open To: Resolved",0,23,6543,2,-2
CLOUDSTACK-10351,2018-04-03,"Date: 2018-04-06T03:49:27.149-07:00, From: Open To: Closed",0,2,36,1,-1
CLOUDSTACK-10350,2018-04-03,"Date: 2018-04-06T03:56:36.407-07:00, From: Open To: Closed",0,2,26,1,-1
CLOUDSTACK-10349,2018-03-31,,0,0,2,1,-1
CLOUDSTACK-10348,2018-03-31,,0,16,1682,2,-3
CLOUDSTACK-10347,2018-03-27,,0,0,2,1,-1
CLOUDSTACK-10346,2018-03-27,"Date: 2018-03-27T12:07:41.822-07:00, From: Open To: In ProgressDate: 2018-03-27T12:24:04.651-07:00, From: In Progress To: ReviewableDate: 2018-04-19T07:48:01.225-07:00, From: Reviewable To: OpenDate: 2018-04-19T07:48:13.930-07:00, From: Open To: Closed",1,44,6056,3,-3
CLOUDSTACK-10345,2018-03-26,"Date: 2018-03-29T10:44:45.790-07:00, From: Open To: Resolved",0,0,2,1,-1
CLOUDSTACK-10344,2018-03-24,"Date: 2018-03-25T16:19:34.708-07:00, From: Open To: In ProgressDate: 2018-03-25T16:19:37.108-07:00, From: In Progress To: OpenDate: 2018-03-25T16:19:39.121-07:00, From: Open To: In ProgressDate: 2018-03-25T16:19:42.512-07:00, From: In Progress To: ReviewableDate: 2018-04-16T04:46:58.323-07:00, From: Reviewable To: Resolved",1,27,4939,2,-2
CLOUDSTACK-10343,2018-03-23,,0,0,2,1,-1
CLOUDSTACK-10342,2018-03-23,"Date: 2018-04-03T14:45:48.256-07:00, From: Open To: Resolved",0,0,2,1,-1
CLOUDSTACK-10341,2018-03-22,"Date: 2018-03-22T23:38:29.046-07:00, From: Open To: In ProgressDate: 2018-03-22T23:38:32.687-07:00, From: In Progress To: Reviewable",0,25,2851,2,-3
CLOUDSTACK-10340,2018-03-21,"Date: 2018-03-21T23:25:18.517-07:00, From: Open To: In ProgressDate: 2018-03-21T23:25:21.618-07:00, From: In Progress To: Reviewable",0,15,1127,2,-2
CLOUDSTACK-10339,2018-03-21,,0,0,2,1,-1
CLOUDSTACK-10338,2018-03-21,,0,0,2,1,-1
CLOUDSTACK-10337,2018-03-21,,0,0,2,1,-1
CLOUDSTACK-10336,2018-03-21,,0,0,2,1,-1
CLOUDSTACK-10335,2018-03-21,,0,0,2,1,-1
CLOUDSTACK-10334,2018-03-21,"Date: 2018-03-28T03:03:13.422-07:00, From: Open To: Resolved",0,23,2722,2,-3
CLOUDSTACK-10333,2018-03-20,"Date: 2018-03-22T01:23:08.849-07:00, From: Open To: In ProgressDate: 2018-03-22T01:23:14.964-07:00, From: In Progress To: Reviewable",0,106,13946,3,-2
CLOUDSTACK-10332,2018-03-20,"Date: 2018-03-20T10:53:41.956-07:00, From: Open To: In ProgressDate: 2018-03-20T10:53:44.841-07:00, From: In Progress To: ReviewableDate: 2018-03-29T03:06:45.240-07:00, From: Reviewable To: Resolved",0,18,2416,2,-2
CLOUDSTACK-10331,2018-03-20,"Date: 2018-03-21T04:01:12.464-07:00, From: Open To: Resolved",0,4,465,2,-2
CLOUDSTACK-10330,2018-03-18,"Date: 2018-03-18T23:09:36.948-07:00, From: Open To: Closed",0,4,494,2,-2
CLOUDSTACK-10329,2018-03-16,"Date: 2018-03-20T03:37:55.912-07:00, From: Open To: Resolved",0,6,1499,2,-2
CLOUDSTACK-10328,2018-03-16,,0,0,2,1,-1
CLOUDSTACK-10327,2018-03-16,,0,22,2805,2,-2
CLOUDSTACK-10326,2018-03-15,"Date: 2018-03-19T17:43:56.266-07:00, From: Open To: In Progress",0,33,3293,2,-2
CLOUDSTACK-10325,2018-03-14,"Date: 2018-03-14T04:17:13.620-07:00, From: Open To: In Progress",0,1,35,1,-1
CLOUDSTACK-10324,2018-03-13,"Date: 2018-03-22T12:02:19.453-07:00, From: Open To: Resolved",0,0,2,1,-1
CLOUDSTACK-10323,2018-03-13,"Date: 2018-03-13T03:19:17.648-07:00, From: Open To: In ProgressDate: 2018-04-26T16:06:36.366-07:00, From: In Progress To: ReviewableDate: 2018-04-26T16:06:50.734-07:00, From: Reviewable To: Resolved",0,72,17174,2,-2
CLOUDSTACK-10321,2018-03-08,"Date: 2018-03-19T17:44:25.689-07:00, From: Open To: Resolved",0,49,5963,2,-2
CLOUDSTACK-10320,2018-03-08,,0,25,2903,2,-2
CLOUDSTACK-10319,2018-03-08,"Date: 2018-03-08T03:42:49.694-08:00, From: Open To: In Progress",0,44,3840,2,-2
CLOUDSTACK-10318,2018-03-05,"Date: 2018-03-05T10:04:21.679-08:00, From: Open To: In ProgressDate: 2018-03-05T10:05:07.018-08:00, From: In Progress To: ReviewableDate: 2018-03-06T02:53:36.532-08:00, From: Reviewable To: Resolved",0,9,892,3,-2
CLOUDSTACK-10317,2018-03-05,"Date: 2018-03-05T07:39:35.523-08:00, From: Open To: In ProgressDate: 2018-03-05T07:39:37.455-08:00, From: In Progress To: OpenDate: 2018-03-05T07:39:39.504-08:00, From: Open To: In ProgressDate: 2018-03-20T23:13:46.418-07:00, From: In Progress To: ReviewableDate: 2018-03-20T23:13:55.257-07:00, From: Reviewable To: Resolved",1,34,2841,2,-2
CLOUDSTACK-10316,2018-03-05,,0,0,2,1,-1
CLOUDSTACK-10315,2018-03-05,,0,12,1676,1,-2
CLOUDSTACK-10314,2018-03-02,"Date: 2018-03-03T08:47:22.016-08:00, From: Open To: In ProgressDate: 2018-03-03T08:47:25.794-08:00, From: In Progress To: ReviewableDate: 2018-03-13T07:08:09.739-07:00, From: Reviewable To: Resolved",0,23,9050,2,-3
CLOUDSTACK-10313,2018-02-28,"Date: 2018-02-28T03:53:57.578-08:00, From: Open To: In ProgressDate: 2018-03-13T03:24:39.987-07:00, From: In Progress To: ReviewableDate: 2018-03-13T03:24:45.483-07:00, From: Reviewable To: Resolved",0,0,2,1,-1
CLOUDSTACK-10312,2018-02-27,"Date: 2018-03-19T21:40:15.167-07:00, From: Open To: Closed",0,2,25,1,-1
CLOUDSTACK-10311,2018-02-27,,0,32,2013,2,-3
CLOUDSTACK-10310,2018-02-27,,0,17,2452,2,-3
CLOUDSTACK-10309,2018-02-27,,0,26,3223,2,-4
CLOUDSTACK-10308,2018-02-27,,0,0,2,1,-1
CLOUDSTACK-10307,2018-02-26,"Date: 2018-02-26T02:27:22.047-08:00, From: Open To: In ProgressDate: 2018-02-26T02:27:24.441-08:00, From: In Progress To: ReviewableDate: 2018-03-27T03:47:48.323-07:00, From: Reviewable To: Resolved",0,29,3258,2,-3
CLOUDSTACK-10306,2018-02-26,"Date: 2018-02-26T01:16:55.592-08:00, From: Open To: In ProgressDate: 2018-02-26T01:16:58.129-08:00, From: In Progress To: ReviewableDate: 2018-03-20T23:14:11.552-07:00, From: Reviewable To: Resolved",0,10,579,1,-2
CLOUDSTACK-10305,2018-02-25,"Date: 2018-03-08T07:53:13.029-08:00, From: Open To: Resolved",0,6,706,2,-2
CLOUDSTACK-10304,2018-02-23,,0,14,902,2,-2
CLOUDSTACK-10303,2018-02-22,"Date: 2018-03-12T06:13:53.063-07:00, From: Open To: ResolvedDate: 2018-03-14T11:11:39.604-07:00, From: Resolved To: Closed",0,13,18974,2,-2
CLOUDSTACK-10302,2018-02-20,"Date: 2018-02-20T08:05:42.839-08:00, From: Open To: In ProgressDate: 2018-02-20T08:05:45.005-08:00, From: In Progress To: ReviewableDate: 2018-02-27T11:28:14.546-08:00, From: Reviewable To: Resolved",0,7,492,1,-2
CLOUDSTACK-10301,2018-02-19,"Date: 2018-04-10T04:48:12.966-07:00, From: Open To: Resolved",0,35,3941,2,-3
CLOUDSTACK-10300,2018-02-19,,0,0,2,1,-1
CLOUDSTACK-10299,2018-02-19,"Date: 2018-02-27T07:11:39.878-08:00, From: Open To: Resolved",0,32,2808,3,-2
CLOUDSTACK-10298,2018-02-19,"Date: 2018-02-19T07:00:00.518-08:00, From: Open To: ResolvedDate: 2018-03-13T08:56:31.623-07:00, From: Resolved To: Closed",0,20,1509,2,-2
CLOUDSTACK-10297,2018-02-16,,0,4,302,1,-2
CLOUDSTACK-10296,2018-02-16,"Date: 2018-02-16T02:24:28.479-08:00, From: Open To: In ProgressDate: 2018-02-16T02:24:30.492-08:00, From: In Progress To: ReviewableDate: 2018-03-20T23:13:33.014-07:00, From: Reviewable To: Resolved",0,59,3978,4,-3
CLOUDSTACK-10295,2018-02-15,"Date: 2018-03-02T16:06:55.505-08:00, From: Open To: Closed",0,14,1243,2,-3
CLOUDSTACK-10294,2018-02-15,"Date: 2018-02-15T07:48:14.568-08:00, From: Open To: Closed",0,3,2602,3,-3
CLOUDSTACK-10293,2018-02-15,"Date: 2018-02-22T15:45:39.055-08:00, From: Open To: Resolved",0,21,2884,2,-3
CLOUDSTACK-10292,2018-02-15,,0,7,859,1,-2
CLOUDSTACK-10291,2018-02-14,"Date: 2018-02-16T07:13:45.797-08:00, From: Open To: Resolved",0,6,388,3,-3
CLOUDSTACK-10290,2018-02-14,,0,1,467,1,-2
CLOUDSTACK-10289,2018-02-14,"Date: 2018-03-28T09:17:44.001-07:00, From: Open To: In ProgressDate: 2018-04-26T06:11:14.713-07:00, From: In Progress To: Resolved",0,5,191,1,-1
CLOUDSTACK-10288,2018-02-14,"Date: 2018-04-03T06:43:10.558-07:00, From: Open To: In ProgressDate: 2018-04-26T06:10:54.524-07:00, From: In Progress To: Resolved",0,25,12325,2,-2
CLOUDSTACK-10287,2018-02-14,,0,14,1221,2,-3
CLOUDSTACK-10286,2018-02-13,,0,0,2,1,-1
CLOUDSTACK-10285,2018-02-12,"Date: 2018-02-12T03:51:29.612-08:00, From: Open To: In ProgressDate: 2018-02-12T03:51:31.369-08:00, From: In Progress To: OpenDate: 2018-02-12T03:51:33.009-08:00, From: Open To: In ProgressDate: 2018-02-12T03:51:34.765-08:00, From: In Progress To: Reviewable",1,20,2779,2,-2
CLOUDSTACK-10284,2018-02-11,"Date: 2018-02-23T02:57:09.323-08:00, From: Open To: Resolved",0,15,1096,3,-2
CLOUDSTACK-10283,2018-02-09,"Date: 2018-02-14T05:46:14.811-08:00, From: Open To: In ProgressDate: 2018-02-14T05:46:18.088-08:00, From: In Progress To: ReviewableDate: 2018-02-26T02:19:52.192-08:00, From: Reviewable To: ResolvedDate: 2018-02-26T02:19:57.776-08:00, From: Resolved To: Closed",0,18,1792,2,-3
CLOUDSTACK-10282,2018-02-09,,0,20,1736,1,-2
CLOUDSTACK-10281,2018-02-09,,0,1,70,1,-1
CLOUDSTACK-10280,2018-02-09,,0,0,2,1,-1
CLOUDSTACK-10279,2018-02-09,,0,0,2,1,-1
CLOUDSTACK-10278,2018-02-09,,0,116,10436,3,-3
CLOUDSTACK-10277,2018-02-08,,0,0,2,1,-1
CLOUDSTACK-10276,2018-02-08,,0,0,2,1,-1
CLOUDSTACK-10275,2018-02-07,,0,0,2,1,-1
CLOUDSTACK-10274,2018-02-07,"Date: 2018-03-08T07:53:26.136-08:00, From: Open To: Resolved",0,39,4744,2,-4
CLOUDSTACK-10271,2018-02-06,,0,28,2180,2,-3
CLOUDSTACK-10270,2018-02-06,,0,0,2,1,-1
CLOUDSTACK-10269,2018-02-02,,0,62,9779,1,-2
CLOUDSTACK-10268,2018-02-01,"Date: 2018-03-15T07:30:31.196-07:00, From: Open To: Resolved",0,89,11633,3,-4
CLOUDSTACK-10267,2018-02-01,,0,0,2,1,-1
CLOUDSTACK-10266,2018-02-01,,0,0,2,1,-1
CLOUDSTACK-10265,2018-02-01,,0,0,2,1,-1
CLOUDSTACK-10264,2018-02-01,,0,0,2,1,-1
CLOUDSTACK-10263,2018-02-01,,0,1,35,1,-1
CLOUDSTACK-10262,2018-02-01,,0,3,285,2,-1
CLOUDSTACK-10261,2018-02-01,,0,16,1288,1,-3
CLOUDSTACK-10260,2018-01-31,,0,1,202,1,-2
CLOUDSTACK-10259,2018-01-30,"Date: 2018-03-01T08:35:51.099-08:00, From: Open To: Resolved",0,23,2367,2,-2
CLOUDSTACK-10258,2018-01-30,"Date: 2018-02-09T11:06:38.347-08:00, From: Open To: Resolved",0,1,21,1,-1
CLOUDSTACK-10257,2018-01-30,"Date: 2018-01-30T05:07:13.473-08:00, From: Open To: In ProgressDate: 2018-01-30T06:19:14.324-08:00, From: In Progress To: ReviewableDate: 2018-03-02T03:09:28.719-08:00, From: Reviewable To: Resolved",0,9,1871,2,-2
CLOUDSTACK-10256,2018-01-27,,0,0,2,1,-1
CLOUDSTACK-10255,2018-01-24,"Date: 2018-01-24T04:23:47.971-08:00, From: Open To: In Progress",0,14,909,1,-2
CLOUDSTACK-10254,2018-01-24,"Date: 2018-04-26T06:32:39.159-07:00, From: Open To: Resolved",0,13,2313,2,-2
CLOUDSTACK-10253,2018-01-24,"Date: 2018-04-27T17:08:49.365-07:00, From: Open To: Resolved",0,36,3300,2,-2
CLOUDSTACK-10252,2018-01-23,,0,15,1183,2,-2
CLOUDSTACK-10251,2018-01-23,"Date: 2018-03-19T17:45:05.622-07:00, From: Open To: Resolved",0,10,747,1,-2
CLOUDSTACK-10250,2018-01-23,"Date: 2018-03-15T07:39:05.241-07:00, From: Open To: Closed",0,27,2326,2,-2
CLOUDSTACK-10249,2018-01-23,"Date: 2018-01-23T12:18:25.935-08:00, From: Open To: Closed",0,1,23,1,-1
CLOUDSTACK-10248,2018-01-23,"Date: 2018-01-23T02:41:43.813-08:00, From: Open To: In ProgressDate: 2018-01-23T02:41:46.674-08:00, From: In Progress To: ReviewableDate: 2018-01-23T06:44:33.906-08:00, From: Reviewable To: Resolved",0,1,152,1,-1
CLOUDSTACK-10247,2018-01-22,"Date: 2018-03-19T17:45:42.121-07:00, From: Open To: Resolved",0,7,706,2,-2
CLOUDSTACK-10246,2018-01-22,,0,27,5713,3,-3
CLOUDSTACK-10245,2018-01-22,"Date: 2018-01-24T00:08:04.004-08:00, From: Open To: ResolvedDate: 2018-02-19T06:57:17.833-08:00, From: Resolved To: Closed",0,3,82,1,-1
CLOUDSTACK-10244,2018-01-19,"Date: 2018-03-21T13:01:02.712-07:00, From: Open To: ResolvedDate: 2018-03-21T13:01:13.201-07:00, From: Resolved To: Closed",0,4,133,1,-1
CLOUDSTACK-10243,2018-01-19,"Date: 2018-03-08T06:09:08.010-08:00, From: Open To: Closed",0,6,491,1,-2
CLOUDSTACK-10242,2018-01-19,,0,3,179,1,-1
CLOUDSTACK-10241,2018-01-19,"Date: 2018-03-29T11:56:13.471-07:00, From: Open To: Resolved",0,33,8485,2,-3
CLOUDSTACK-10240,2018-01-19,"Date: 2018-03-07T13:23:53.236-08:00, From: Open To: Resolved",0,40,10388,2,-2
CLOUDSTACK-10239,2018-01-18,,0,25,2236,2,-2
CLOUDSTACK-10238,2018-01-17,"Date: 2018-03-15T07:38:42.989-07:00, From: Open To: Closed",0,21,1634,2,-2
CLOUDSTACK-10237,2018-01-17,"Date: 2018-03-19T17:55:23.283-07:00, From: Open To: Resolved",0,0,2,1,-1
CLOUDSTACK-10236,2018-01-17,"Date: 2018-01-19T01:03:05.867-08:00, From: Open To: ClosedDate: 2018-01-22T01:16:51.560-08:00, From: Closed To: ReopenedDate: 2018-01-23T12:18:42.549-08:00, From: Reopened To: In ProgressDate: 2018-01-23T12:18:44.671-08:00, From: In Progress To: Reviewable",1,12,1263,2,-3
CLOUDSTACK-10235,2018-01-16,"Date: 2018-01-18T22:16:24.993-08:00, From: Open To: Closed",0,4,505,1,-2
CLOUDSTACK-10234,2018-01-16,"Date: 2018-01-17T08:24:45.083-08:00, From: Open To: Closed",0,1,47,1,-1
CLOUDSTACK-10233,2018-01-16,"Date: 2018-01-17T08:05:42.489-08:00, From: Open To: In ProgressDate: 2018-01-19T00:50:18.751-08:00, From: In Progress To: ResolvedDate: 2018-01-19T00:51:47.179-08:00, From: Resolved To: Closed",0,17,1209,1,-2
CLOUDSTACK-10232,2018-01-15,,0,51,5217,3,-2
CLOUDSTACK-10231,2018-01-15,"Date: 2018-03-15T07:39:12.127-07:00, From: Open To: In ProgressDate: 2018-03-19T17:51:25.261-07:00, From: In Progress To: ReviewableDate: 2018-03-19T17:54:47.691-07:00, From: Reviewable To: ResolvedDate: 2018-03-20T04:37:31.495-07:00, From: Resolved To: ReopenedDate: 2018-03-20T04:37:37.521-07:00, From: Reopened To: In ProgressDate: 2018-03-20T08:33:40.966-07:00, From: In Progress To: OpenDate: 2018-03-20T08:33:48.117-07:00, From: Open To: Resolved",2,29,5796,2,-2
CLOUDSTACK-10230,2018-01-12,"Date: 2018-01-12T06:39:43.275-08:00, From: Open To: In ProgressDate: 2018-01-12T08:28:20.520-08:00, From: In Progress To: ReviewableDate: 2018-04-12T03:12:24.036-07:00, From: Reviewable To: Resolved",0,41,9608,3,-3
CLOUDSTACK-10229,2018-01-12,,0,1,73,2,-1
CLOUDSTACK-10228,2018-01-12,"Date: 2018-01-12T05:17:17.453-08:00, From: Open To: In Progress",0,0,2,1,-1
CLOUDSTACK-10227,2018-01-11,"Date: 2018-03-20T23:14:35.168-07:00, From: Open To: Closed",0,31,4127,2,-2
CLOUDSTACK-10226,2018-01-10,"Date: 2018-04-10T04:49:34.824-07:00, From: Open To: Resolved",0,33,7913,2,-3
CLOUDSTACK-10225,2018-01-10,,0,40,3810,3,-4
CLOUDSTACK-10224,2018-01-10,,0,0,2,1,-1
CLOUDSTACK-10223,2018-01-10,,0,20,1511,1,-3
CLOUDSTACK-10222,2018-01-09,"Date: 2018-02-06T11:38:37.151-08:00, From: Open To: Resolved",0,25,2387,3,-3
CLOUDSTACK-10221,2018-01-09,,0,4,389,1,-2
CLOUDSTACK-10220,2018-01-09,,0,8,594,1,-2
CLOUDSTACK-10219,2018-01-08,"Date: 2018-03-14T05:22:45.056-07:00, From: Open To: ResolvedDate: 2018-03-14T05:22:53.704-07:00, From: Resolved To: Closed",0,1,20,1,-1
CLOUDSTACK-10218,2018-01-08,"Date: 2018-02-05T05:25:14.123-08:00, From: Open To: ResolvedDate: 2018-02-19T06:56:55.652-08:00, From: Resolved To: Closed",0,26,2215,2,-4
CLOUDSTACK-10217,2018-01-08,,0,18,1344,2,-2
CLOUDSTACK-10216,2018-01-07,,0,0,2,1,-1
CLOUDSTACK-10215,2018-01-07,,0,12,982,1,-2
CLOUDSTACK-10214,2018-01-05,"Date: 2018-01-05T10:57:10.969-08:00, From: Open To: In ProgressDate: 2018-01-05T10:57:18.709-08:00, From: In Progress To: ReviewableDate: 2018-04-12T10:35:17.211-07:00, From: Reviewable To: Resolved",0,18,1523,1,-2
CLOUDSTACK-10213,2018-01-05,"Date: 2018-01-11T04:08:20.619-08:00, From: Open To: Resolved",0,17,1395,2,-2
CLOUDSTACK-10212,2018-01-04,"Date: 2018-01-05T05:15:11.068-08:00, From: Open To: In ProgressDate: 2018-01-09T04:42:03.246-08:00, From: In Progress To: ResolvedDate: 2018-01-09T04:42:12.759-08:00, From: Resolved To: Closed",0,17,1228,2,-2
CLOUDSTACK-10211,2018-01-04,"Date: 2018-01-04T06:14:10.937-08:00, From: Open To: ResolvedDate: 2018-01-04T23:36:45.219-08:00, From: Resolved To: Closed",0,6,969,3,-2
CLOUDSTACK-10210,2018-01-03,"Date: 2018-01-03T06:51:50.506-08:00, From: Open To: In ProgressDate: 2018-01-10T00:30:36.152-08:00, From: In Progress To: Closed",0,22,1846,2,-2
CLOUDSTACK-10209,2018-01-03,,0,0,2,1,-1
CLOUDSTACK-10208,2017-12-26,"Date: 2017-12-27T00:03:34.711-08:00, From: Open To: Closed",0,1,47,1,-1
CLOUDSTACK-10207,2017-12-26,"Date: 2018-01-10T00:31:00.090-08:00, From: Open To: ClosedDate: 2018-02-20T07:56:28.231-08:00, From: Closed To: Reopened",1,48,5497,3,-2
CLOUDSTACK-10206,2017-12-22,,0,0,2,1,-1
CLOUDSTACK-10205,2017-12-22,,0,15,1604,1,-2
CLOUDSTACK-10204,2017-12-22,,0,0,2,1,-1
CLOUDSTACK-10203,2017-12-21,,0,0,2,1,-1
CLOUDSTACK-10202,2017-12-20,,0,39,4060,2,-3
CLOUDSTACK-10201,2017-12-20,"Date: 2017-12-20T07:47:03.176-08:00, From: Open To: Resolved",0,1,24,1,-1
CLOUDSTACK-10200,2017-12-19,"Date: 2017-12-21T03:49:16.149-08:00, From: Open To: Resolved",0,1,268,1,-1
CLOUDSTACK-10199,2017-12-19,,0,17,2625,3,-2
CLOUDSTACK-10198,2017-12-18,,0,1,36,1,-2
CLOUDSTACK-10197,2017-12-18,"Date: 2018-01-08T08:55:18.861-08:00, From: Open To: Resolved",0,90,14234,3,-4
CLOUDSTACK-10196,2017-12-18,"Date: 2017-12-18T10:25:01.528-08:00, From: Open To: In ProgressDate: 2017-12-18T10:25:05.144-08:00, From: In Progress To: ReviewableDate: 2017-12-18T10:37:28.886-08:00, From: Reviewable To: Resolved",0,4,5208,3,-2
CLOUDSTACK-10195,2017-12-18,"Date: 2017-12-19T04:25:43.757-08:00, From: Open To: In ProgressDate: 2017-12-19T04:25:48.560-08:00, From: In Progress To: ReviewableDate: 2017-12-19T04:25:55.852-08:00, From: Reviewable To: Resolved",0,15,1748,2,-2
CLOUDSTACK-10194,2017-12-17,"Date: 2017-12-17T22:45:53.765-08:00, From: Open To: In ProgressDate: 2017-12-17T22:57:19.654-08:00, From: In Progress To: ReviewableDate: 2017-12-17T22:57:32.137-08:00, From: Reviewable To: Resolved",0,15,821,1,-1
CLOUDSTACK-10193,2017-12-16,"Date: 2017-12-16T23:00:31.157-08:00, From: Open To: In ProgressDate: 2017-12-17T11:36:59.263-08:00, From: In Progress To: ReviewableDate: 2017-12-17T11:37:08.054-08:00, From: Reviewable To: ResolvedDate: 2017-12-17T11:37:16.870-08:00, From: Resolved To: Closed",0,20,1205,1,-3
CLOUDSTACK-10192,2017-12-16,,0,0,2,1,-1
CLOUDSTACK-10191,2017-12-15,"Date: 2017-12-17T12:20:57.614-08:00, From: Open To: Closed",0,1,21,1,-1
CLOUDSTACK-10190,2017-12-15,,0,15,1627,1,-3
CLOUDSTACK-10189,2017-12-14,,0,5,5895,2,-3
CLOUDSTACK-10188,2017-12-12,"Date: 2017-12-14T01:56:14.553-08:00, From: Open To: ClosedDate: 2017-12-14T21:09:09.925-08:00, From: Closed To: Reopened",1,32,6346,2,-2
CLOUDSTACK-10187,2017-12-12,"Date: 2017-12-12T11:54:27.428-08:00, From: Open To: In ProgressDate: 2017-12-12T12:36:05.430-08:00, From: In Progress To: ReviewableDate: 2017-12-17T11:38:08.241-08:00, From: Reviewable To: ResolvedDate: 2017-12-17T11:38:18.712-08:00, From: Resolved To: Closed",0,11,667,1,-1
CLOUDSTACK-10186,2017-12-12,,0,0,2,1,-1
CLOUDSTACK-10185,2017-12-11,"Date: 2017-12-18T22:15:51.193-08:00, From: Open To: Closed",0,1,21,1,-1
CLOUDSTACK-10184,2017-12-11,"Date: 2017-12-11T08:42:54.460-08:00, From: Open To: In ProgressDate: 2017-12-11T08:42:58.275-08:00, From: In Progress To: ReviewableDate: 2017-12-11T09:10:08.028-08:00, From: Reviewable To: Resolved",0,3,481,1,-2
CLOUDSTACK-10183,2017-12-11,,0,0,2,1,-1
CLOUDSTACK-10182,2017-12-10,,0,5,846,1,-2
CLOUDSTACK-10181,2017-12-08,"Date: 2017-12-16T23:33:57.492-08:00, From: Open To: Closed",0,3,141,1,-1
CLOUDSTACK-10180,2017-12-08,,0,0,2,1,-1
CLOUDSTACK-10179,2017-12-08,,0,1,67,1,-1
CLOUDSTACK-10178,2017-12-06,,0,14,2428,2,-2
CLOUDSTACK-10177,2017-12-06,"Date: 2017-12-19T00:39:44.044-08:00, From: Open To: Resolved",0,25,2714,3,-2
CLOUDSTACK-10176,2017-12-06,"Date: 2017-12-19T00:40:02.633-08:00, From: Open To: Resolved",0,19,1696,3,-2
CLOUDSTACK-10175,2017-12-05,"Date: 2017-12-29T10:54:39.678-08:00, From: Open To: ResolvedDate: 2017-12-29T10:55:04.008-08:00, From: Resolved To: Closed",0,25,3806,2,-3
CLOUDSTACK-10174,2017-12-05,,0,0,2,1,-1
CLOUDSTACK-10173,2017-12-05,"Date: 2017-12-19T01:06:15.683-08:00, From: Open To: Resolved",0,22,2524,2,-2
CLOUDSTACK-10172,2017-12-04,"Date: 2017-12-05T00:28:18.428-08:00, From: Open To: Closed",0,1,25,1,-1
CLOUDSTACK-10171,2017-12-04,"Date: 2017-12-17T11:40:11.798-08:00, From: Open To: Closed",0,2,36,1,-1
CLOUDSTACK-10170,2017-12-04,,0,0,2,1,-1
CLOUDSTACK-10169,2017-11-30,,0,0,2,1,-1
CLOUDSTACK-10168,2017-11-30,"Date: 2017-12-20T12:40:44.237-08:00, From: Open To: Resolved",0,15,1925,1,-3
CLOUDSTACK-10167,2017-11-30,,0,2,156,1,-1
CLOUDSTACK-10166,2017-11-29,"Date: 2018-02-12T13:06:42.742-08:00, From: Open To: Resolved",0,23,2061,2,-2
CLOUDSTACK-10165,2017-11-29,,0,0,2,1,-1
CLOUDSTACK-10164,2017-11-29,"Date: 2017-12-11T03:43:18.141-08:00, From: Open To: ResolvedDate: 2017-12-11T08:01:41.364-08:00, From: Resolved To: Closed",0,12,1624,3,-2
CLOUDSTACK-10163,2017-11-29,,0,41,18422,2,-3
CLOUDSTACK-10162,2017-11-29,,0,0,2,1,-1
CLOUDSTACK-10161,2017-11-28,,0,10,872,3,-2
CLOUDSTACK-10160,2017-11-27,"Date: 2017-12-17T12:47:40.279-08:00, From: Open To: Closed",0,19,1922,2,-2
CLOUDSTACK-10159,2017-11-26,,0,1,275,2,-2
CLOUDSTACK-10158,2017-11-25,,0,1,26,1,-1
CLOUDSTACK-10157,2017-11-25,"Date: 2017-12-19T00:44:12.774-08:00, From: Open To: Resolved",0,7,678,2,-2
CLOUDSTACK-10156,2017-11-22,"Date: 2017-11-22T13:57:13.057-08:00, From: Open To: In ProgressDate: 2017-11-22T13:57:16.458-08:00, From: In Progress To: ReviewableDate: 2017-11-23T02:21:03.158-08:00, From: Reviewable To: Resolved",0,5,556,2,-2
CLOUDSTACK-10155,2017-11-22,,0,0,2,1,-1
CLOUDSTACK-10154,2017-11-22,"Date: 2017-12-19T00:44:39.275-08:00, From: Open To: Resolved",0,23,2282,2,-2
CLOUDSTACK-10153,2017-11-22,"Date: 2017-11-22T02:10:48.744-08:00, From: Open To: In ProgressDate: 2017-12-19T01:05:19.226-08:00, From: In Progress To: ReviewableDate: 2017-12-19T01:05:28.232-08:00, From: Reviewable To: Open",1,20,2721,2,-2
CLOUDSTACK-10152,2017-11-21,"Date: 2017-12-19T00:45:10.726-08:00, From: Open To: Resolved",0,12,1053,2,-2
CLOUDSTACK-10151,2017-11-20,,0,0,2,1,-1
CLOUDSTACK-10150,2017-11-20,,0,0,2,1,-1
CLOUDSTACK-10149,2017-11-20,,0,0,2,1,-1
CLOUDSTACK-10148,2017-11-20,,0,0,2,1,-1
CLOUDSTACK-10147,2017-11-17,"Date: 2018-03-13T09:29:21.430-07:00, From: Open To: Resolved",0,31,2955,3,-2
CLOUDSTACK-10146,2017-11-16,"Date: 2017-12-30T07:31:32.474-08:00, From: Open To: In ProgressDate: 2018-03-19T17:52:13.100-07:00, From: In Progress To: Resolved",0,174,33590,3,-2
CLOUDSTACK-10145,2017-11-16,,0,2,200,1,-2
CLOUDSTACK-10144,2017-11-16,"Date: 2017-12-08T02:31:04.307-08:00, From: Open To: Closed",0,14,912,2,-2
CLOUDSTACK-10143,2017-11-16,,0,0,2,1,-1
CLOUDSTACK-10142,2017-11-14,"Date: 2017-12-19T00:46:20.434-08:00, From: Open To: Resolved",0,2,66,1,-1
CLOUDSTACK-10141,2017-11-13,,0,6,436,2,-2
CLOUDSTACK-10140,2017-11-12,"Date: 2017-12-12T07:02:11.463-08:00, From: Open To: Resolved",0,33,4450,3,-3
CLOUDSTACK-10139,2017-11-11,,0,0,2,1,-1
CLOUDSTACK-10138,2017-11-11,"Date: 2017-12-19T00:46:57.495-08:00, From: Open To: Resolved",0,21,1950,2,-2
CLOUDSTACK-10137,2017-11-10,"Date: 2017-12-17T12:49:20.194-08:00, From: Open To: Closed",0,8,665,2,-2
CLOUDSTACK-10136,2017-11-08,"Date: 2017-12-17T12:06:06.924-08:00, From: Open To: Resolved",0,14,2116,2,-2
CLOUDSTACK-10135,2017-11-08,"Date: 2017-12-19T00:47:44.091-08:00, From: Open To: Resolved",0,21,1114,2,-2
CLOUDSTACK-10134,2017-11-07,,0,29,2510,1,-2
CLOUDSTACK-10133,2017-11-07,"Date: 2017-12-19T00:48:04.981-08:00, From: Open To: Resolved",0,10,886,1,-2
CLOUDSTACK-10132,2017-11-06,"Date: 2018-02-27T02:50:56.865-08:00, From: Open To: In ProgressDate: 2018-02-27T02:51:01.167-08:00, From: In Progress To: ReviewableDate: 2018-03-20T23:13:15.562-07:00, From: Reviewable To: Resolved",0,137,26016,2,-2
CLOUDSTACK-10131,2017-11-06,,0,0,2,1,-1
CLOUDSTACK-10130,2017-11-05,,0,0,2,1,-1
CLOUDSTACK-10129,2017-11-02,"Date: 2017-11-02T23:52:19.638-07:00, From: Open To: In ProgressDate: 2017-11-02T23:52:23.445-07:00, From: In Progress To: ReviewableDate: 2017-12-17T12:04:20.082-08:00, From: Reviewable To: ResolvedDate: 2017-12-17T12:04:32.803-08:00, From: Resolved To: Closed",0,45,4619,2,-2
CLOUDSTACK-10128,2017-11-01,"Date: 2018-01-08T01:56:12.713-08:00, From: Open To: In ProgressDate: 2018-01-08T01:56:16.111-08:00, From: In Progress To: ReviewableDate: 2018-01-08T01:56:32.430-08:00, From: Reviewable To: Resolved",0,22,2909,2,-2
CLOUDSTACK-10127,2017-11-01,"Date: 2017-12-22T19:49:52.470-08:00, From: Open To: Resolved",0,83,6863,2,-3
CLOUDSTACK-10126,2017-10-31,"Date: 2018-03-19T17:46:49.407-07:00, From: Open To: Resolved",0,97,8520,2,-3
CLOUDSTACK-10125,2017-10-31,,0,0,2,1,-1
CLOUDSTACK-10124,2017-10-30,,0,0,2,1,-1
CLOUDSTACK-10123,2017-10-27,,0,12,1197,1,-2
CLOUDSTACK-10122,2017-10-26,"Date: 2017-12-22T20:25:52.343-08:00, From: Open To: Resolved",0,19,1853,2,-3
CLOUDSTACK-10121,2017-10-26,"Date: 2017-12-21T07:27:42.408-08:00, From: Open To: Resolved",0,129,10192,2,-3
CLOUDSTACK-10120,2017-10-25,,0,11,807,3,-2
CLOUDSTACK-10119,2017-10-25,,0,0,2,1,-1
CLOUDSTACK-10118,2017-10-25,"Date: 2017-12-20T00:07:09.553-08:00, From: Open To: In ProgressDate: 2017-12-20T00:07:47.445-08:00, From: In Progress To: Resolved",0,12,3313,2,-2
CLOUDSTACK-10117,2017-10-25,,0,121,32031,3,-2
CLOUDSTACK-10116,2017-10-23,,0,0,2,1,-1
CLOUDSTACK-10115,2017-10-21,,0,0,2,1,-1
CLOUDSTACK-10114,2017-10-20,,0,0,2,1,-1
CLOUDSTACK-10113,2017-10-19,"Date: 2017-10-26T01:10:04.392-07:00, From: Open To: Resolved",0,5,485,1,-1
CLOUDSTACK-10112,2017-10-17,,0,3,84,1,-1
CLOUDSTACK-10111,2017-10-16,"Date: 2017-10-16T06:25:26.403-07:00, From: Open To: In ProgressDate: 2017-10-16T06:25:29.935-07:00, From: In Progress To: ReviewableDate: 2017-11-03T09:18:42.495-07:00, From: Reviewable To: Resolved",0,5,570,3,-2
CLOUDSTACK-10110,2017-10-13,,0,0,2,1,-1
CLOUDSTACK-10109,2017-10-12,"Date: 2018-03-19T17:50:25.138-07:00, From: Open To: Resolved",0,66,10787,3,-3
CLOUDSTACK-10108,2017-10-10,,0,46,4930,2,-2
CLOUDSTACK-10107,2017-10-09,"Date: 2017-10-10T05:00:54.923-07:00, From: Open To: In ProgressDate: 2017-10-10T05:00:58.886-07:00, From: In Progress To: ReviewableDate: 2017-12-17T12:07:08.589-08:00, From: Reviewable To: Resolved",0,2,901,1,-2
CLOUDSTACK-10106,2017-10-04,,0,28,3932,2,-2
CLOUDSTACK-10105,2017-10-04,,0,52,4018,3,-2
CLOUDSTACK-10104,2017-10-03,,0,26,3271,2,-2
CLOUDSTACK-10103,2017-10-02,"Date: 2017-10-03T00:13:53.347-07:00, From: Open To: In ProgressDate: 2017-12-17T12:06:16.416-08:00, From: In Progress To: ReviewableDate: 2017-12-17T12:06:25.694-08:00, From: Reviewable To: Resolved",0,6,9235,3,-2
CLOUDSTACK-10102,2017-10-02,"Date: 2017-12-22T20:25:28.390-08:00, From: Open To: Resolved",0,48,9090,2,-2
CLOUDSTACK-10101,2017-10-01,"Date: 2017-10-02T07:39:25.387-07:00, From: Open To: In ProgressDate: 2017-10-02T07:39:29.751-07:00, From: In Progress To: ReviewableDate: 2017-10-10T11:24:11.667-07:00, From: Reviewable To: Resolved",0,2,105,1,-1
CLOUDSTACK-10100,2017-09-28,,0,0,2,1,-1
CLOUDSTACK-10099,2017-09-28,,0,5,213,2,-2
CLOUDSTACK-10098,2017-09-28,,0,0,2,1,-1
CLOUDSTACK-10097,2017-09-26,"Date: 2017-09-27T06:18:06.372-07:00, From: Open To: Closed",0,0,2,1,-1
CLOUDSTACK-10096,2017-09-25,,0,25,1794,1,-2
CLOUDSTACK-10095,2017-09-25,,0,0,2,1,-1
CLOUDSTACK-10094,2017-09-25,"Date: 2017-09-27T06:03:46.647-07:00, From: Open To: Closed",0,0,2,1,-1
CLOUDSTACK-10093,2017-09-25,"Date: 2017-09-25T02:21:45.118-07:00, From: Open To: Closed",0,0,2,1,-1
CLOUDSTACK-10092,2017-09-25,"Date: 2017-09-25T02:21:26.918-07:00, From: Open To: Closed",0,0,2,1,-1
CLOUDSTACK-10091,2017-09-25,"Date: 2017-09-25T02:20:34.805-07:00, From: Open To: Closed",0,0,2,1,-1
CLOUDSTACK-10090,2017-09-25,,0,20,2607,2,-2
CLOUDSTACK-10089,2017-09-21,,0,16,841,1,-2
CLOUDSTACK-10088,2017-09-21,,0,0,2,1,-1
CLOUDSTACK-10087,2017-09-20,,0,21,1388,1,-2
CLOUDSTACK-10086,2017-09-20,,0,0,2,1,-1
CLOUDSTACK-10085,2017-09-20,,0,14,1399,2,-3
CLOUDSTACK-10084,2017-09-20,,0,0,2,1,-1
CLOUDSTACK-10083,2017-09-19,,0,1,41,1,-1
CLOUDSTACK-10082,2017-09-19,,0,0,2,1,-1
CLOUDSTACK-10081,2017-09-19,"Date: 2017-10-31T10:19:26.080-07:00, From: Open To: ResolvedDate: 2017-10-31T10:20:09.136-07:00, From: Resolved To: Closed",0,7,272,1,-2
CLOUDSTACK-10080,2017-09-19,,0,0,2,1,-1
CLOUDSTACK-10079,2017-09-19,,0,0,2,1,-1
CLOUDSTACK-10078,2017-09-19,,0,0,2,1,-1
CLOUDSTACK-10077,2017-09-18,"Date: 2018-02-20T07:58:04.365-08:00, From: Open To: Resolved",0,9,753,1,-2
CLOUDSTACK-10076,2017-09-18,,0,0,2,1,-1
CLOUDSTACK-10075,2017-09-14,,0,0,2,1,-1
CLOUDSTACK-10074,2017-09-13,,0,1,36,1,-1
CLOUDSTACK-10073,2017-09-13,,0,1,91,1,-1
CLOUDSTACK-10072,2017-09-12,,0,0,2,1,-1
CLOUDSTACK-10071,2017-09-12,,0,0,2,1,-1
CLOUDSTACK-10070,2017-09-10,,0,25,4309,2,-2
CLOUDSTACK-10069,2017-09-10,"Date: 2017-10-09T01:45:01.474-07:00, From: Open To: In ProgressDate: 2017-10-09T01:45:04.806-07:00, From: In Progress To: ReviewableDate: 2017-10-09T01:45:22.463-07:00, From: Reviewable To: Resolved",0,3,126,1,-1
CLOUDSTACK-10068,2017-09-08,,0,1,117,1,-2
CLOUDSTACK-10067,2017-09-08,,0,1,62,1,-1
CLOUDSTACK-10066,2017-09-07,,0,0,2,1,-1
CLOUDSTACK-10065,2017-09-05,,0,28,2594,2,-2
CLOUDSTACK-10064,2017-09-03,,0,0,2,1,-1
CLOUDSTACK-10063,2017-09-03,,0,0,2,1,-1
CLOUDSTACK-10062,2017-09-03,,0,0,2,1,-1
CLOUDSTACK-10061,2017-09-01,,0,1,99,1,-1
CLOUDSTACK-10060,2017-09-01,,0,2,353,1,-3
CLOUDSTACK-10059,2017-08-31,,0,2,96,1,-1
CLOUDSTACK-10058,2017-08-31,,0,2,72,1,-1
CLOUDSTACK-10057,2017-08-29,"Date: 2017-08-29T06:10:03.539-07:00, From: Open To: In ProgressDate: 2017-08-29T06:34:12.556-07:00, From: In Progress To: ResolvedDate: 2017-10-31T10:18:39.258-07:00, From: Resolved To: Closed",0,11,1153,2,-2
CLOUDSTACK-10056,2017-08-24,,0,1,52,1,-1
CLOUDSTACK-10055,2017-08-22,,0,0,2,1,-1
CLOUDSTACK-10054,2017-08-22,,0,32,2539,1,-3
CLOUDSTACK-10053,2017-08-21,"Date: 2017-11-02T03:58:31.678-07:00, From: Open To: ResolvedDate: 2017-11-02T03:58:40.502-07:00, From: Resolved To: Closed",0,10,9312,2,-2
CLOUDSTACK-10052,2017-08-21,"Date: 2017-08-21T03:43:36.748-07:00, From: Open To: In ProgressDate: 2017-08-21T03:43:39.296-07:00, From: In Progress To: ReviewableDate: 2017-10-09T01:45:32.427-07:00, From: Reviewable To: Resolved",0,3,290,1,-2
CLOUDSTACK-10051,2017-08-21,,0,14,2994,2,-2
CLOUDSTACK-10050,2017-08-17,,0,0,2,1,-1
CLOUDSTACK-10049,2017-08-15,,0,0,2,1,-1
CLOUDSTACK-10048,2017-08-14,,0,0,2,1,-1
CLOUDSTACK-10047,2017-08-13,"Date: 2017-10-10T05:01:12.705-07:00, From: Open To: In ProgressDate: 2017-12-17T12:06:43.462-08:00, From: In Progress To: ReviewableDate: 2017-12-17T12:06:52.018-08:00, From: Reviewable To: Resolved",0,9,5649,2,-2
CLOUDSTACK-10046,2017-08-10,,0,23,7821,2,-1
CLOUDSTACK-10045,2017-08-10,,0,0,2,1,-1
CLOUDSTACK-10044,2017-08-10,"Date: 2017-12-22T20:26:07.138-08:00, From: Open To: Resolved",0,1,136,1,-1
CLOUDSTACK-10043,2017-08-09,"Date: 2017-12-08T02:42:18.173-08:00, From: Open To: Closed",0,10,1510,2,-2
CLOUDSTACK-10042,2017-08-09,"Date: 2017-11-27T03:10:03.071-08:00, From: Open To: Closed",0,4,238,1,-1
CLOUDSTACK-10041,2017-08-09,,0,1,159,4,-1
CLOUDSTACK-10040,2017-08-08,,0,2,327,1,-2
CLOUDSTACK-10039,2017-08-08,,0,24,2229,3,-2
CLOUDSTACK-10038,2017-08-08,"Date: 2017-08-08T20:28:10.304-07:00, From: Open To: In ProgressDate: 2017-08-09T18:01:02.353-07:00, From: In Progress To: Closed",0,2,23,1,-1
CLOUDSTACK-10037,2017-08-08,,0,0,2,1,-1
CLOUDSTACK-10036,2017-08-08,"Date: 2017-08-08T03:06:08.551-07:00, From: Open To: Resolved",0,2,122,1,-1
CLOUDSTACK-10035,2017-08-06,,0,1,20,1,-1
CLOUDSTACK-10034,2017-08-05,"Date: 2017-08-05T15:04:09.293-07:00, From: Open To: Resolved",0,2,352,1,-1
CLOUDSTACK-10033,2017-08-05,,0,0,2,1,-1
CLOUDSTACK-10032,2017-08-04,,0,2,248,1,-1
CLOUDSTACK-10031,2017-08-04,"Date: 2017-08-04T02:43:24.360-07:00, From: Open To: In ProgressDate: 2017-11-14T00:15:02.790-08:00, From: In Progress To: Closed",0,6,222,1,-1
CLOUDSTACK-10030,2017-08-03,,0,1,116,1,-1
CLOUDSTACK-10029,2017-08-03,,0,9,771,2,-2
CLOUDSTACK-10028,2017-08-03,"Date: 2017-08-28T06:23:05.982-07:00, From: Open To: Closed",0,1,25,1,-1
CLOUDSTACK-10027,2017-08-01,,0,1,56,1,-1
CLOUDSTACK-10026,2017-08-01,,0,1,36,1,-1
CLOUDSTACK-10025,2017-07-31,,0,24,2096,3,-3
CLOUDSTACK-10024,2017-07-31,"Date: 2018-02-06T04:18:14.787-08:00, From: Open To: Closed",0,101,35163,3,-3
CLOUDSTACK-10023,2017-07-31,,0,0,2,1,-1
CLOUDSTACK-10022,2017-07-30,"Date: 2017-08-04T06:15:48.091-07:00, From: Open To: In ProgressDate: 2017-08-04T06:17:47.197-07:00, From: In Progress To: ReviewableDate: 2017-09-26T12:05:22.319-07:00, From: Reviewable To: Resolved",0,1,38,1,-1
CLOUDSTACK-10021,2017-07-28,"Date: 2017-07-28T01:08:32.669-07:00, From: Open To: In ProgressDate: 2017-07-28T01:08:35.456-07:00, From: In Progress To: ReviewableDate: 2017-07-28T01:08:43.353-07:00, From: Reviewable To: Resolved",0,1,36,1,-1
CLOUDSTACK-10020,2017-07-27,,0,0,2,1,-1
CLOUDSTACK-10019,2017-07-26,,0,1,56,1,-1
CLOUDSTACK-10018,2017-07-26,,0,0,2,1,-1
CLOUDSTACK-10017,2017-07-25,,0,0,2,1,-1
CLOUDSTACK-10016,2017-07-24,,0,3,225,1,-1
CLOUDSTACK-10015,2017-07-24,,0,1,75,1,-1
CLOUDSTACK-10014,2017-07-24,,0,2,64,1,-1
CLOUDSTACK-10013,2017-07-23,"Date: 2017-12-23T23:52:12.604-08:00, From: Open To: Resolved",0,474,67531,3,-4
CLOUDSTACK-10012,2017-07-23,"Date: 2017-12-17T12:05:00.080-08:00, From: Open To: Resolved",0,173,25504,3,-3
CLOUDSTACK-10011,2017-07-23,,0,3,126,1,-1
CLOUDSTACK-10010,2017-07-20,,0,15,5068,3,-3
CLOUDSTACK-10009,2017-07-20,,0,1,45,1,-1
CLOUDSTACK-10008,2017-07-20,,0,0,2,1,-1
CLOUDSTACK-10007,2017-07-20,,0,5,117,1,-1
CLOUDSTACK-10006,2017-07-17,"Date: 2018-03-19T17:50:48.449-07:00, From: Open To: In ProgressDate: 2018-03-19T17:50:56.160-07:00, From: In Progress To: Open",1,0,2,1,-1
CLOUDSTACK-10005,2017-07-17,,0,1,39,1,-1
CLOUDSTACK-10004,2017-07-17,,0,2,217,1,-2
CLOUDSTACK-10003,2017-07-15,,0,9,1248,1,-3
CLOUDSTACK-10002,2017-07-14,,0,3,66,1,-1
CLOUDSTACK-10001,2017-07-14,"Date: 2017-12-18T22:18:11.240-08:00, From: Open To: Resolved",0,14,466,2,-1
CLOUDSTACK-10000,2017-07-13,,0,2,62,1,-1
CLOUDSTACK-9999,2017-07-13,"Date: 2017-07-13T03:29:36.481-07:00, From: Open To: In ProgressDate: 2017-07-13T03:29:38.775-07:00, From: In Progress To: Reviewable",0,4,77,2,-4
CLOUDSTACK-9998,2017-07-13,"Date: 2017-07-13T03:25:34.448-07:00, From: Open To: In ProgressDate: 2017-10-09T01:45:47.907-07:00, From: In Progress To: ReviewableDate: 2017-12-17T12:05:41.709-08:00, From: Reviewable To: Resolved",0,15,1512,1,-2
CLOUDSTACK-9997,2017-07-13,"Date: 2017-07-13T03:23:48.858-07:00, From: Open To: In ProgressDate: 2017-07-13T03:23:51.303-07:00, From: In Progress To: Reviewable",0,1,54,1,-1
CLOUDSTACK-9996,2017-07-12,,0,2,50,1,-1
CLOUDSTACK-9995,2017-07-12,,0,0,2,1,-1
CLOUDSTACK-9994,2017-07-12,,0,1,27,1,-1
CLOUDSTACK-9993,2017-07-12,"Date: 2017-07-13T04:07:13.949-07:00, From: Open To: In ProgressDate: 2017-10-09T01:44:46.564-07:00, From: In Progress To: ReviewableDate: 2017-10-09T01:44:54.526-07:00, From: Reviewable To: Resolved",0,4,767,1,-1
CLOUDSTACK-9992,2017-07-11,,0,2,49,1,-1
CLOUDSTACK-9991,2017-07-11,,0,0,2,1,-1
CLOUDSTACK-9990,2017-07-10,"Date: 2018-01-10T03:43:50.018-08:00, From: Open To: Closed",0,1,40,1,-1
CLOUDSTACK-9989,2017-07-07,,0,14,2240,2,-2
CLOUDSTACK-9988,2017-07-06,,0,0,2,1,-1
CLOUDSTACK-9987,2017-07-06,,0,0,2,1,-1
CLOUDSTACK-9986,2017-07-06,"Date: 2017-08-10T04:28:26.522-07:00, From: Open To: Closed",0,17,1424,2,-2
CLOUDSTACK-9985,2017-07-06,"Date: 2017-07-21T12:12:52.112-07:00, From: Open To: Closed",0,2,83,1,-1
CLOUDSTACK-9984,2017-07-05,,0,3,97,1,-1
CLOUDSTACK-9983,2017-07-04,"Date: 2017-08-10T04:20:17.982-07:00, From: Open To: Resolved",0,3,225,1,-1
CLOUDSTACK-9982,2017-07-03,"Date: 2017-08-01T23:38:12.431-07:00, From: Open To: Closed",0,2,38,1,-1
CLOUDSTACK-9981,2017-07-02,,0,2,53,1,-1
CLOUDSTACK-9980,2017-06-27,"Date: 2017-06-27T07:34:40.761-07:00, From: Open To: In ProgressDate: 2017-07-06T10:25:32.823-07:00, From: In Progress To: ResolvedDate: 2017-07-06T10:25:58.697-07:00, From: Resolved To: Closed",0,4,91,1,-1
CLOUDSTACK-9979,2017-06-27,"Date: 2017-12-17T12:24:09.248-08:00, From: Open To: Closed",0,1,36,1,-1
CLOUDSTACK-9978,2017-06-26,"Date: 2017-07-02T02:17:20.567-07:00, From: Open To: Closed",0,2,54,2,-1
CLOUDSTACK-9977,2017-06-22,"Date: 2017-07-13T21:02:26.462-07:00, From: Open To: In ProgressDate: 2017-07-20T13:38:43.325-07:00, From: In Progress To: ReviewableDate: 2017-08-04T06:17:02.652-07:00, From: Reviewable To: Resolved",0,0,2,1,-1
CLOUDSTACK-9976,2017-06-22,"Date: 2017-07-20T13:38:19.504-07:00, From: Open To: In ProgressDate: 2017-07-20T13:38:28.815-07:00, From: In Progress To: Reviewable",0,11,683,2,-2
CLOUDSTACK-9975,2017-06-22,"Date: 2017-07-20T13:39:33.076-07:00, From: Open To: In Progress",0,14,1116,2,-3
CLOUDSTACK-9974,2017-06-22,,0,1,99,2,-1
CLOUDSTACK-9973,2017-06-22,,0,0,2,1,-1
CLOUDSTACK-9972,2017-06-21,,0,19,7557,2,-2
CLOUDSTACK-9971,2017-06-21,"Date: 2018-01-10T00:34:09.354-08:00, From: Open To: Closed",0,9,1181,1,-2
CLOUDSTACK-9970,2017-06-20,,0,0,2,1,-1
CLOUDSTACK-9969,2017-06-20,,0,0,2,1,-1
CLOUDSTACK-9968,2017-06-20,,0,0,2,1,-1
CLOUDSTACK-9967,2017-06-20,,0,1,42,1,-1
CLOUDSTACK-9966,2017-06-18,,0,0,2,1,-1
CLOUDSTACK-9965,2017-06-18,,0,2,110,1,-1
CLOUDSTACK-9964,2017-06-14,"Date: 2017-08-17T06:10:44.021-07:00, From: Open To: In ProgressDate: 2017-08-17T06:11:05.592-07:00, From: In Progress To: OpenDate: 2017-12-19T00:52:47.834-08:00, From: Open To: Resolved",1,3,66,1,-1
CLOUDSTACK-9963,2017-06-14,,0,1,38,1,-1
CLOUDSTACK-9962,2017-06-14,,0,0,2,1,-1
CLOUDSTACK-9961,2017-06-14,,0,3,282,1,-2
CLOUDSTACK-9960,2017-06-13,,0,1,62,1,-1
CLOUDSTACK-9959,2017-06-13,"Date: 2017-12-17T12:53:42.704-08:00, From: Open To: Closed",0,1,50,1,-1
CLOUDSTACK-9958,2017-06-13,,0,10,1469,1,-2
CLOUDSTACK-9957,2017-06-13,,0,3,117,1,-1
CLOUDSTACK-9956,2017-06-12,,0,1,185,1,-1
CLOUDSTACK-9955,2017-06-12,"Date: 2017-08-06T20:24:44.668-07:00, From: Open To: Resolved",0,4,219,1,-2
CLOUDSTACK-9954,2017-06-12,,0,2,80,1,-1
CLOUDSTACK-9953,2017-06-09,"Date: 2017-12-16T00:53:54.521-08:00, From: Open To: Resolved",0,14,722,1,-1
CLOUDSTACK-9952,2017-06-09,"Date: 2017-07-21T12:11:28.345-07:00, From: Open To: ClosedDate: 2017-07-21T12:13:06.899-07:00, From: Closed To: ReopenedDate: 2017-08-10T04:21:04.946-07:00, From: Reopened To: Resolved",1,6,99,1,-3
CLOUDSTACK-9951,2017-06-09,,0,1,20,1,-1
CLOUDSTACK-9950,2017-06-08,,0,1,80,1,-1
CLOUDSTACK-9949,2017-06-08,"Date: 2017-06-08T18:38:12.735-07:00, From: Open To: In Progress",0,2,113,1,-1
CLOUDSTACK-9948,2017-06-08,,0,1,22,1,-1
CLOUDSTACK-9947,2017-06-07,,0,0,2,1,-1
CLOUDSTACK-9946,2017-06-07,,0,1,65,1,-1
CLOUDSTACK-9945,2017-06-07,,0,0,2,1,-1
CLOUDSTACK-9944,2017-06-06,,0,1,58,1,-1
CLOUDSTACK-9943,2017-06-06,"Date: 2017-06-28T22:51:33.102-07:00, From: Open To: Resolved",0,1,172,1,-1
CLOUDSTACK-9942,2017-06-05,,0,0,2,1,-1
CLOUDSTACK-9941,2017-06-05,"Date: 2017-06-16T05:30:38.715-07:00, From: Open To: Closed",0,1,40,1,-1
CLOUDSTACK-9940,2017-06-05,,0,0,2,1,-1
CLOUDSTACK-9939,2017-06-05,"Date: 2017-07-10T05:22:24.247-07:00, From: Open To: In ProgressDate: 2017-07-10T05:22:46.624-07:00, From: In Progress To: Resolved",0,3,86,1,-3
CLOUDSTACK-9938,2017-06-01,,0,1,32,1,-1
CLOUDSTACK-9937,2017-06-01,,0,4,96,1,-1
CLOUDSTACK-9936,2017-05-31,,0,0,2,1,-1
CLOUDSTACK-9935,2017-05-31,,0,6,144,1,-1
CLOUDSTACK-9934,2017-05-30,,0,1,446,1,-1
CLOUDSTACK-9933,2017-05-30,,0,0,2,1,-1
CLOUDSTACK-9932,2017-05-30,"Date: 2017-06-14T05:10:05.489-07:00, From: Open To: In ProgressDate: 2017-07-10T05:23:12.464-07:00, From: In Progress To: ResolvedDate: 2017-08-20T23:24:24.972-07:00, From: Resolved To: Closed",0,27,1816,1,-2
CLOUDSTACK-9931,2017-05-30,,0,0,2,1,-1
CLOUDSTACK-9930,2017-05-29,,0,0,2,1,-1
CLOUDSTACK-9929,2017-05-29,"Date: 2017-05-29T03:40:06.378-07:00, From: Open To: In ProgressDate: 2017-11-27T03:10:07.258-08:00, From: In Progress To: OpenDate: 2017-11-27T03:10:16.326-08:00, From: Open To: Resolved",1,7,406,1,-2
CLOUDSTACK-9928,2017-05-25,"Date: 2017-05-25T03:28:10.253-07:00, From: Open To: In ProgressDate: 2017-05-25T04:33:20.724-07:00, From: In Progress To: ReviewableDate: 2017-08-10T04:25:30.386-07:00, From: Reviewable To: ResolvedDate: 2017-08-10T04:25:39.008-07:00, From: Resolved To: Closed",0,2,96,1,-2
CLOUDSTACK-9927,2017-05-21,,0,2,591,2,-2
CLOUDSTACK-9926,2017-05-18,,0,0,2,1,-1
CLOUDSTACK-9925,2017-05-18,"Date: 2017-05-18T12:10:53.258-07:00, From: Open To: In ProgressDate: 2017-07-20T13:40:00.947-07:00, From: In Progress To: ReviewableDate: 2017-08-04T06:16:36.856-07:00, From: Reviewable To: Resolved",0,1,137,1,-1
CLOUDSTACK-9924,2017-05-18,,0,0,2,1,-1
CLOUDSTACK-9923,2017-05-17,,0,0,2,1,-1
CLOUDSTACK-9922,2017-05-16,,0,1,37,1,-1
CLOUDSTACK-9921,2017-05-15,,0,29,2454,1,-2
CLOUDSTACK-9920,2017-05-15,,0,0,2,1,-1
CLOUDSTACK-9919,2017-05-15,,0,0,2,1,-1
CLOUDSTACK-9918,2017-05-15,,0,2,56,1,-1
CLOUDSTACK-9917,2017-05-11,"Date: 2017-06-06T04:58:08.753-07:00, From: Open To: Resolved",0,1,22,1,-1
CLOUDSTACK-9916,2017-05-10,"Date: 2017-12-17T12:56:18.890-08:00, From: Open To: Closed",0,1,35,1,-1
CLOUDSTACK-9915,2017-05-10,,0,1,39,1,-1
CLOUDSTACK-9914,2017-05-09,"Date: 2017-05-18T12:11:06.966-07:00, From: Open To: In ProgressDate: 2017-07-20T13:39:21.620-07:00, From: In Progress To: ReviewableDate: 2017-08-23T12:56:22.332-07:00, From: Reviewable To: ResolvedDate: 2017-08-23T12:57:31.117-07:00, From: Resolved To: ReopenedDate: 2017-09-26T12:02:27.222-07:00, From: Reopened To: ClosedDate: 2017-09-26T12:04:27.643-07:00, From: Closed To: ReopenedDate: 2017-09-26T12:04:38.584-07:00, From: Reopened To: Resolved",2,1,132,1,-1
CLOUDSTACK-9913,2017-05-09,,0,2,49,2,-1
CLOUDSTACK-9912,2017-05-09,"Date: 2017-05-09T00:50:41.509-07:00, From: Open To: In Progress",0,0,2,1,-1
CLOUDSTACK-9911,2017-05-08,,0,0,2,1,-1
CLOUDSTACK-9910,2017-05-08,,0,0,2,1,-1
CLOUDSTACK-9909,2017-05-08,,0,4,459,2,-2
CLOUDSTACK-9908,2017-05-07,,0,19,1503,2,-2
CLOUDSTACK-9907,2017-05-05,,0,3,84,1,-1
CLOUDSTACK-9906,2017-05-04,,0,11,760,2,-2
CLOUDSTACK-9905,2017-05-04,,0,2,54,1,-1
CLOUDSTACK-9904,2017-05-04,"Date: 2017-05-04T01:18:17.349-07:00, From: Open To: In ProgressDate: 2017-08-10T04:28:10.350-07:00, From: In Progress To: ReviewableDate: 2017-08-10T04:28:15.352-07:00, From: Reviewable To: Resolved",0,4,224,1,-1
CLOUDSTACK-9903,2017-05-04,,0,0,2,1,-1
CLOUDSTACK-9902,2017-05-03,"Date: 2017-05-04T08:26:37.243-07:00, From: Open To: In Progress",0,2,56,1,-1
CLOUDSTACK-9901,2017-05-03,,0,2,104,1,-1
CLOUDSTACK-9900,2017-05-03,"Date: 2017-05-03T01:43:27.305-07:00, From: Open To: In ProgressDate: 2017-08-10T04:27:59.918-07:00, From: In Progress To: ReviewableDate: 2017-08-10T04:28:04.789-07:00, From: Reviewable To: Resolved",0,3,180,1,-1
CLOUDSTACK-9899,2017-05-02,,0,18,953,1,-2
CLOUDSTACK-9898,2017-05-02,,0,0,2,1,-1
CLOUDSTACK-9897,2017-05-01,,0,0,2,1,-1
CLOUDSTACK-9896,2017-04-30,,0,36,3009,1,-3
CLOUDSTACK-9895,2017-04-27,"Date: 2017-06-14T23:57:21.444-07:00, From: Open To: Closed",0,4,99,1,-1
CLOUDSTACK-9894,2017-04-27,"Date: 2017-05-05T05:26:14.348-07:00, From: Open To: In Progress",0,2,87,3,-1
CLOUDSTACK-9893,2017-04-25,"Date: 2017-04-25T12:44:41.667-07:00, From: Open To: In ProgressDate: 2017-05-02T11:12:40.980-07:00, From: In Progress To: ResolvedDate: 2017-05-02T11:15:57.524-07:00, From: Resolved To: Closed",0,2,37,1,-1
CLOUDSTACK-9892,2017-04-25,"Date: 2018-01-07T03:55:01.151-08:00, From: Open To: Closed",0,45,5223,2,-2
CLOUDSTACK-9891,2017-04-24,,0,1,43,1,-1
CLOUDSTACK-9890,2017-04-24,,0,0,2,1,-1
CLOUDSTACK-9889,2017-04-23,,0,47,3630,2,-2
CLOUDSTACK-9888,2017-04-20,,0,4,195,1,-2
CLOUDSTACK-9887,2017-04-20,,0,2,56,1,-1
CLOUDSTACK-9886,2017-04-19,,0,4,135,1,-1
CLOUDSTACK-9885,2017-04-19,,0,30,2778,2,-2
CLOUDSTACK-9884,2017-04-19,,0,0,2,1,-1
CLOUDSTACK-9883,2017-04-19,"Date: 2017-05-25T02:36:30.783-07:00, From: Open To: Resolved",0,1,537,1,-1
CLOUDSTACK-9882,2017-04-18,,0,0,2,1,-1
CLOUDSTACK-9881,2017-04-18,,0,0,2,1,-1
CLOUDSTACK-9880,2017-04-17,,0,63,12883,2,-3
CLOUDSTACK-9879,2017-04-17,,0,0,2,1,-1
CLOUDSTACK-9878,2017-04-14,"Date: 2017-05-08T22:56:48.183-07:00, From: Open To: Resolved",0,4,70,1,-1
CLOUDSTACK-9877,2017-04-14,,0,7,789,2,-2
CLOUDSTACK-9876,2017-04-13,,0,8,300,1,-2
CLOUDSTACK-9875,2017-04-13,,0,10,1346,1,-2
CLOUDSTACK-9874,2017-04-12,,0,0,2,1,-1
CLOUDSTACK-9873,2017-04-12,"Date: 2017-09-12T07:35:24.901-07:00, From: Open To: ResolvedDate: 2017-09-12T07:35:45.173-07:00, From: Resolved To: Closed",0,4,353,1,-2
CLOUDSTACK-9872,2017-04-12,"Date: 2017-09-12T07:34:59.360-07:00, From: Open To: ResolvedDate: 2017-09-12T07:35:56.543-07:00, From: Resolved To: Closed",0,1,287,1,-2
CLOUDSTACK-9871,2017-04-12,"Date: 2017-05-26T06:45:12.687-07:00, From: Open To: Resolved",0,15,1656,2,-2
CLOUDSTACK-9870,2017-04-11,,0,1,29,1,-1
CLOUDSTACK-9868,2017-04-07,"Date: 2017-12-17T12:02:18.039-08:00, From: Open To: Closed",0,4,68,1,-1
CLOUDSTACK-9867,2017-04-07,,0,37,4438,2,-3
CLOUDSTACK-9865,2017-04-06,,0,3,195,1,-2
CLOUDSTACK-9864,2017-04-06,"Date: 2017-05-02T08:37:56.679-07:00, From: Open To: Resolved",0,16,1667,1,-2
CLOUDSTACK-9863,2017-04-05,,0,0,2,1,-1
CLOUDSTACK-9862,2017-04-05,,0,6,691,1,-2
CLOUDSTACK-9861,2017-04-04,,0,14,535,2,-2
CLOUDSTACK-9860,2017-04-04,"Date: 2017-08-10T04:28:34.900-07:00, From: Open To: Closed",0,8,351,1,-2
CLOUDSTACK-9859,2017-04-03,"Date: 2017-10-04T09:48:38.691-07:00, From: Open To: In ProgressDate: 2017-10-04T10:31:06.536-07:00, From: In Progress To: ReviewableDate: 2017-10-10T03:28:14.338-07:00, From: Reviewable To: Resolved",0,2,83,1,-1
CLOUDSTACK-9858,2017-04-03,"Date: 2017-07-18T07:55:24.926-07:00, From: Open To: Resolved",0,7,382,1,-2
CLOUDSTACK-9857,2017-04-02,"Date: 2017-12-19T00:55:26.640-08:00, From: Open To: Resolved",0,19,592,2,-2
CLOUDSTACK-9856,2017-03-31,,0,0,2,1,-1
CLOUDSTACK-9855,2017-03-31,"Date: 2017-12-19T00:56:21.007-08:00, From: Open To: Resolved",0,2,46,1,-1
CLOUDSTACK-9854,2017-03-28,"Date: 2017-12-22T20:28:23.072-08:00, From: Open To: Resolved",0,23,2836,4,-2
CLOUDSTACK-9853,2017-03-27,,0,12,1723,2,-2
CLOUDSTACK-9852,2017-03-27,,0,9,600,2,-2
CLOUDSTACK-9851,2017-03-25,"Date: 2017-03-30T05:49:52.002-07:00, From: Open To: Resolved",0,16,593,2,-2
CLOUDSTACK-9850,2017-03-25,"Date: 2017-03-30T05:50:02.820-07:00, From: Open To: Resolved",0,1,106,1,-1
CLOUDSTACK-9849,2017-03-23,"Date: 2017-04-12T05:45:55.150-07:00, From: Open To: In Progress",0,7,416,3,-2
CLOUDSTACK-9848,2017-03-23,"Date: 2017-05-25T03:20:23.362-07:00, From: Open To: Resolved",0,9,448,2,-2
CLOUDSTACK-9847,2017-03-23,,0,3,166,1,-2
CLOUDSTACK-9846,2017-03-22,"Date: 2018-01-05T10:57:15.610-08:00, From: Open To: In ProgressDate: 2018-01-05T10:57:20.167-08:00, From: In Progress To: ReviewableDate: 2018-03-14T11:28:58.189-07:00, From: Reviewable To: Resolved",0,1,77,1,-2
CLOUDSTACK-9845,2017-03-21,,0,0,2,1,-1
CLOUDSTACK-9844,2017-03-21,,0,0,2,1,-1
CLOUDSTACK-9843,2017-03-21,,0,3,231,2,-2
CLOUDSTACK-9842,2017-03-21,,0,9,1484,1,-2
CLOUDSTACK-9841,2017-03-20,,0,0,2,1,-1
CLOUDSTACK-9840,2017-03-20,,0,9,1399,2,-2
CLOUDSTACK-9839,2017-03-18,"Date: 2017-12-19T00:43:36.253-08:00, From: Open To: Resolved",0,6,190,2,-1
CLOUDSTACK-9838,2017-03-15,"Date: 2017-08-10T04:20:24.926-07:00, From: Open To: Resolved",0,14,1651,1,-2
CLOUDSTACK-9837,2017-03-15,"Date: 2017-12-23T00:51:43.968-08:00, From: Open To: Resolved",0,1,80,1,-1
CLOUDSTACK-9836,2017-03-15,"Date: 2017-04-16T23:32:36.373-07:00, From: Open To: Resolved",0,4,86,1,-1
CLOUDSTACK-9835,2017-03-15,,0,4,204,1,-2
CLOUDSTACK-9834,2017-03-15,,0,2,199,1,-2
CLOUDSTACK-9833,2017-03-14,,0,4,231,2,-3
CLOUDSTACK-9832,2017-03-14,"Date: 2017-10-31T10:22:55.678-07:00, From: Open To: In ProgressDate: 2017-11-02T03:59:18.099-07:00, From: In Progress To: ResolvedDate: 2017-11-02T03:59:28.251-07:00, From: Resolved To: Closed",0,13,3089,1,-2
CLOUDSTACK-9831,2017-03-13,,0,14,1499,1,-2
CLOUDSTACK-9830,2017-03-11,"Date: 2017-05-02T11:13:35.724-07:00, From: Open To: In ProgressDate: 2018-01-10T00:33:37.357-08:00, From: In Progress To: Closed",0,8,339,1,-2
CLOUDSTACK-9829,2017-03-09,,0,4,120,3,-1
CLOUDSTACK-9828,2017-03-08,,0,20,1758,2,-2
CLOUDSTACK-9827,2017-03-07,"Date: 2017-04-16T23:29:38.597-07:00, From: Open To: Resolved",0,69,6426,4,-3
CLOUDSTACK-9826,2017-03-07,"Date: 2017-03-07T08:42:31.215-08:00, From: Open To: Closed",0,1,39,1,-1
CLOUDSTACK-9825,2017-03-07,,0,0,2,1,-1
CLOUDSTACK-9824,2017-03-07,,0,9,1632,2,-2
CLOUDSTACK-9823,2017-03-06,"Date: 2017-03-08T18:26:22.102-08:00, From: Open To: ResolvedDate: 2017-03-08T18:26:32.402-08:00, From: Resolved To: ClosedDate: 2017-03-15T15:41:50.295-07:00, From: Closed To: ReopenedDate: 2017-03-15T15:42:01.859-07:00, From: Reopened To: ResolvedDate: 2017-03-15T15:42:06.566-07:00, From: Resolved To: Closed",1,1,27,1,-1
CLOUDSTACK-9822,2017-03-06,"Date: 2017-03-08T13:43:20.676-08:00, From: Open To: ResolvedDate: 2017-03-08T13:43:27.931-08:00, From: Resolved To: ClosedDate: 2017-03-15T15:42:32.347-07:00, From: Closed To: ReopenedDate: 2017-03-15T15:42:52.276-07:00, From: Reopened To: ResolvedDate: 2017-03-15T15:42:56.694-07:00, From: Resolved To: Closed",1,2,52,1,-1
CLOUDSTACK-9821,2017-03-03,"Date: 2017-03-08T02:47:19.814-08:00, From: Open To: ResolvedDate: 2017-03-15T15:43:47.427-07:00, From: Resolved To: Closed",0,21,1209,1,-2
CLOUDSTACK-9820,2017-03-03,,0,0,2,1,-1
CLOUDSTACK-9819,2017-03-03,,0,0,2,1,-1
CLOUDSTACK-9818,2017-03-03,,0,0,2,1,-1
CLOUDSTACK-9817,2017-03-03,,0,0,2,1,-1
CLOUDSTACK-9816,2017-03-03,"Date: 2017-03-09T08:00:30.104-08:00, From: Open To: Closed",0,1,23,1,-1
CLOUDSTACK-9815,2017-03-03,,0,22,25211,3,-2
CLOUDSTACK-9814,2017-03-03,,0,12,763,2,-2
CLOUDSTACK-9813,2017-03-03,,0,102,8217,2,-3
CLOUDSTACK-9812,2017-03-03,,0,6,397,1,-2
CLOUDSTACK-9811,2017-03-02,"Date: 2017-04-16T23:28:41.844-07:00, From: Open To: Resolved",0,99,6865,3,-3
CLOUDSTACK-9810,2017-03-01,,0,0,2,1,-1
CLOUDSTACK-9809,2017-03-01,,0,0,2,1,-1
CLOUDSTACK-9808,2017-03-01,"Date: 2017-03-08T02:43:24.273-08:00, From: Open To: Resolved",0,13,658,1,-2
CLOUDSTACK-9807,2017-03-01,"Date: 2017-03-08T02:43:10.356-08:00, From: Open To: Resolved",0,21,2085,2,-2
CLOUDSTACK-9806,2017-03-01,"Date: 2017-03-01T02:28:39.901-08:00, From: Open To: In ProgressDate: 2017-11-22T00:15:07.646-08:00, From: In Progress To: ResolvedDate: 2018-02-06T04:19:20.442-08:00, From: Resolved To: Closed",0,39,12879,4,-2
CLOUDSTACK-9805,2017-03-01,"Date: 2017-03-01T02:13:35.264-08:00, From: Open To: In ProgressDate: 2017-03-01T02:13:38.571-08:00, From: In Progress To: ReviewableDate: 2017-08-10T04:28:46.413-07:00, From: Reviewable To: Resolved",0,21,736,3,-2
CLOUDSTACK-9804,2017-02-27,,0,2,82,2,-1
CLOUDSTACK-9803,2017-02-27,"Date: 2017-12-17T12:26:35.899-08:00, From: Open To: Resolved",0,1,24,1,-1
CLOUDSTACK-9802,2017-02-27,,0,0,2,1,-1
CLOUDSTACK-9801,2017-02-23,"Date: 2017-09-12T07:34:49.184-07:00, From: Open To: ResolvedDate: 2017-09-12T07:36:23.210-07:00, From: Resolved To: Closed",0,7,990,1,-2
CLOUDSTACK-9800,2017-02-23,,0,5,559,1,-2
CLOUDSTACK-9799,2017-02-22,,0,7,394,3,-2
CLOUDSTACK-9798,2017-02-22,,0,9,432,1,-2
CLOUDSTACK-9797,2017-02-21,"Date: 2017-02-21T00:40:17.238-08:00, From: Open To: Resolved",0,1,24,1,-1
CLOUDSTACK-9796,2017-02-20,"Date: 2017-05-02T11:14:25.423-07:00, From: Open To: In ProgressDate: 2017-05-02T11:14:56.975-07:00, From: In Progress To: ResolvedDate: 2017-05-02T11:15:03.089-07:00, From: Resolved To: Closed",0,32,3173,3,-4
CLOUDSTACK-9795,2017-02-20,"Date: 2017-02-27T05:47:34.940-08:00, From: Open To: Resolved",0,30,1193,2,-2
CLOUDSTACK-9794,2017-02-18,,0,53,6045,3,-2
CLOUDSTACK-9793,2017-02-17,,0,15,1590,3,-2
CLOUDSTACK-9792,2017-02-17,"Date: 2017-08-10T04:28:40.225-07:00, From: Open To: Closed",0,24,925,2,-2
CLOUDSTACK-9791,2017-02-17,,0,0,2,1,-1
CLOUDSTACK-9790,2017-02-16,"Date: 2017-02-17T02:43:54.474-08:00, From: Open To: In ProgressDate: 2017-02-17T04:20:23.995-08:00, From: In Progress To: ResolvedDate: 2017-03-15T15:43:58.413-07:00, From: Resolved To: Closed",0,12,415,2,-2
CLOUDSTACK-9789,2017-02-16,"Date: 2017-07-09T23:31:26.352-07:00, From: Open To: ResolvedDate: 2017-07-09T23:31:34.001-07:00, From: Resolved To: Closed",0,19,1553,1,-2
CLOUDSTACK-9788,2017-02-16,"Date: 2017-07-09T23:31:41.622-07:00, From: Open To: ResolvedDate: 2017-07-09T23:31:48.608-07:00, From: Resolved To: Closed",0,21,1444,1,-2
CLOUDSTACK-9787,2017-02-16,"Date: 2017-07-09T23:31:53.877-07:00, From: Open To: ResolvedDate: 2017-07-09T23:32:00.761-07:00, From: Resolved To: Closed",0,18,2435,1,-2
CLOUDSTACK-9786,2017-02-16,,0,5,272,1,-2
CLOUDSTACK-9785,2017-02-15,"Date: 2017-12-18T23:50:39.333-08:00, From: Open To: Resolved",0,10,537,1,-1
CLOUDSTACK-9784,2017-02-14,"Date: 2017-03-01T00:26:43.594-08:00, From: Open To: Resolved",0,10,494,1,-2
CLOUDSTACK-9783,2017-02-14,"Date: 2017-02-14T21:33:58.155-08:00, From: Open To: In ProgressDate: 2017-08-10T04:27:45.475-07:00, From: In Progress To: ReviewableDate: 2017-08-10T04:27:50.661-07:00, From: Reviewable To: Resolved",0,49,3949,3,-2
CLOUDSTACK-9782,2017-02-14,"Date: 2017-10-09T01:45:20.052-07:00, From: Open To: Resolved",0,49,6157,2,-3
CLOUDSTACK-9781,2017-02-12,,0,68,6005,2,-2
CLOUDSTACK-9780,2017-02-10,,0,21,1173,2,-2
CLOUDSTACK-9779,2017-02-09,,0,36,2681,1,-3
CLOUDSTACK-9778,2017-02-08,,0,5,125,2,-1
CLOUDSTACK-9777,2017-02-07,,0,4,371,2,-1
CLOUDSTACK-9776,2017-02-07,"Date: 2017-03-01T02:28:55.168-08:00, From: Open To: In ProgressDate: 2017-11-22T00:12:55.787-08:00, From: In Progress To: ResolvedDate: 2018-02-06T04:18:57.551-08:00, From: Resolved To: Closed",0,11,12702,2,-2
CLOUDSTACK-9775,2017-02-07,"Date: 2018-01-16T07:24:10.206-08:00, From: Open To: Closed",0,1,28,1,-1
CLOUDSTACK-9774,2017-02-06,,0,0,2,1,-1
CLOUDSTACK-9773,2017-02-06,,0,5,193,1,-2
CLOUDSTACK-9772,2017-02-06,,0,49,5386,2,-2
CLOUDSTACK-9771,2017-02-06,,0,1,36,1,-1
CLOUDSTACK-9770,2017-02-02,"Date: 2017-02-09T00:15:45.676-08:00, From: Open To: Closed",0,23,1679,3,-2
CLOUDSTACK-9769,2017-02-02,,0,0,2,1,-1
CLOUDSTACK-9768,2017-02-01,,0,17,1611,2,-2
CLOUDSTACK-9767,2017-02-01,,0,2,293,1,-1
CLOUDSTACK-9766,2017-01-31,"Date: 2017-02-20T20:34:59.434-08:00, From: Open To: Resolved",0,14,1600,1,-2
CLOUDSTACK-9765,2017-01-31,"Date: 2018-02-19T07:31:44.683-08:00, From: Open To: Closed",0,18,541,2,-2
CLOUDSTACK-9764,2017-01-30,"Date: 2017-03-02T12:13:08.791-08:00, From: Open To: In ProgressDate: 2017-12-22T20:26:48.346-08:00, From: In Progress To: OpenDate: 2017-12-22T20:26:55.664-08:00, From: Open To: Resolved",1,66,14363,3,-3
CLOUDSTACK-9763,2017-01-30,,0,8,443,2,-2
CLOUDSTACK-9762,2017-01-30,"Date: 2017-06-08T22:05:10.666-07:00, From: Open To: Resolved",0,3,47,1,-1
CLOUDSTACK-9761,2017-01-27,"Date: 2017-06-21T02:19:04.747-07:00, From: Open To: Resolved",0,0,2,1,-1
CLOUDSTACK-9760,2017-01-26,,0,0,2,1,-1
CLOUDSTACK-9759,2017-01-26,,0,5,283,1,-2
CLOUDSTACK-9758,2017-01-25,,0,0,2,1,-1
CLOUDSTACK-9757,2017-01-25,"Date: 2017-05-25T03:21:21.648-07:00, From: Open To: Resolved",0,15,978,3,-2
CLOUDSTACK-9756,2017-01-24,"Date: 2017-05-25T03:21:36.750-07:00, From: Open To: ResolvedDate: 2017-05-25T03:23:08.931-07:00, From: Resolved To: ReopenedDate: 2017-05-25T03:23:30.338-07:00, From: Reopened To: Resolved",1,12,1203,2,-2
CLOUDSTACK-9755,2017-01-24,"Date: 2018-01-04T22:11:52.645-08:00, From: Open To: In Progress",0,1,24,1,-1
CLOUDSTACK-9754,2017-01-22,"Date: 2017-07-07T02:18:33.299-07:00, From: Open To: Closed",0,1,47,1,-1
CLOUDSTACK-9753,2017-01-21,,0,8,367,1,-2
CLOUDSTACK-9752,2017-01-20,"Date: 2017-03-02T12:14:56.880-08:00, From: Open To: Closed",0,34,3811,2,-2
CLOUDSTACK-9751,2017-01-19,"Date: 2017-10-31T10:28:50.058-07:00, From: Open To: ResolvedDate: 2017-10-31T10:29:03.885-07:00, From: Resolved To: Closed",0,4,252,1,-2
CLOUDSTACK-9750,2017-01-19,,0,0,2,1,-1
CLOUDSTACK-9749,2017-01-18,"Date: 2017-11-15T03:39:10.561-08:00, From: Open To: ResolvedDate: 2017-11-15T03:39:40.901-08:00, From: Resolved To: ClosedDate: 2018-01-09T05:54:43.714-08:00, From: Closed To: ReopenedDate: 2018-01-16T07:19:02.684-08:00, From: Reopened To: ResolvedDate: 2018-01-19T00:51:26.757-08:00, From: Resolved To: Closed",1,23,1716,1,-2
CLOUDSTACK-9748,2017-01-17,,0,34,1969,3,-2
CLOUDSTACK-9747,2017-01-17,,0,1,22,1,-1
CLOUDSTACK-9746,2017-01-17,"Date: 2017-12-19T00:57:43.164-08:00, From: Open To: Resolved",0,41,2648,3,-2
CLOUDSTACK-9745,2017-01-17,,0,0,2,1,-1
CLOUDSTACK-9744,2017-01-16,,0,0,2,1,-1
CLOUDSTACK-9743,2017-01-16,,0,13,1403,1,-2
CLOUDSTACK-9742,2017-01-16,,0,2,74,1,-1
CLOUDSTACK-9740,2017-01-16,"Date: 2017-10-23T04:05:59.534-07:00, From: Open To: Closed",0,10,585,1,-2
CLOUDSTACK-9739,2017-01-16,,0,0,2,1,-1
CLOUDSTACK-9738,2017-01-13,"Date: 2017-03-02T12:15:43.260-08:00, From: Open To: Closed",0,29,2740,3,-2
CLOUDSTACK-9737,2017-01-13,,0,1,39,1,-1
CLOUDSTACK-9736,2017-01-11,"Date: 2017-12-18T23:43:17.351-08:00, From: Open To: Closed",0,11,894,3,-2
CLOUDSTACK-9735,2017-01-09,,0,0,2,1,-1
CLOUDSTACK-9734,2017-01-09,,0,3,199,1,-2
CLOUDSTACK-9733,2017-01-09,,0,9,735,1,-2
CLOUDSTACK-9732,2017-01-06,"Date: 2017-02-08T05:38:46.896-08:00, From: Open To: Closed",0,16,555,2,-2
CLOUDSTACK-9731,2017-01-05,,0,9,312,1,-2
CLOUDSTACK-9730,2017-01-05,,0,29,2522,2,-2
CLOUDSTACK-9729,2017-01-05,"Date: 2017-01-10T06:15:14.576-08:00, From: Open To: In ProgressDate: 2017-01-27T04:46:33.314-08:00, From: In Progress To: ResolvedDate: 2017-01-27T05:02:44.538-08:00, From: Resolved To: Closed",0,12,760,3,-2
CLOUDSTACK-9728,2017-01-02,"Date: 2017-05-25T03:22:01.934-07:00, From: Open To: Resolved",0,12,728,1,-2
CLOUDSTACK-9727,2017-01-02,,0,15,1412,3,-2
CLOUDSTACK-9726,2017-01-02,,0,14,1542,2,-2
CLOUDSTACK-9725,2017-01-02,,0,4,176,1,-2
CLOUDSTACK-9724,2017-01-01,"Date: 2017-05-25T02:33:47.875-07:00, From: Open To: Resolved",0,12,680,1,-2
CLOUDSTACK-9723,2016-12-30,"Date: 2017-05-25T03:22:19.152-07:00, From: Open To: Resolved",0,17,1224,2,-2
CLOUDSTACK-9722,2016-12-29,,0,1,26,1,-1
CLOUDSTACK-9721,2016-12-29,,0,11,491,2,-2
CLOUDSTACK-9720,2016-12-29,,0,28,1809,1,-2
CLOUDSTACK-9719,2016-12-29,,0,58,3888,2,-2
CLOUDSTACK-9718,2016-12-29,"Date: 2016-12-29T04:43:18.998-08:00, From: Open To: In ProgressDate: 2017-01-11T19:23:27.946-08:00, From: In Progress To: ReviewableDate: 2017-04-24T21:47:59.826-07:00, From: Reviewable To: Resolved",0,33,2456,3,-2
CLOUDSTACK-9717,2016-12-29,,0,24,2191,2,-2
CLOUDSTACK-9716,2016-12-29,,0,4,229,1,-3
CLOUDSTACK-9715,2016-12-29,"Date: 2017-05-25T03:22:32.075-07:00, From: Open To: Resolved",0,9,252,1,-2
CLOUDSTACK-9714,2016-12-29,,0,0,2,1,-1
CLOUDSTACK-9713,2016-12-28,,0,0,2,1,-1
CLOUDSTACK-9712,2016-12-28,"Date: 2017-06-28T22:02:15.521-07:00, From: Open To: Resolved",0,15,1528,2,-2
CLOUDSTACK-9711,2016-12-28,"Date: 2017-05-25T03:24:03.644-07:00, From: Open To: Resolved",0,11,492,1,-2
CLOUDSTACK-9710,2016-12-26,"Date: 2017-08-10T04:27:39.396-07:00, From: Open To: Resolved",0,96,10395,4,-2
CLOUDSTACK-9709,2016-12-26,"Date: 2017-05-25T03:24:17.279-07:00, From: Open To: Resolved",0,28,2319,2,-2
CLOUDSTACK-9708,2016-12-26,,0,9,389,1,-2
CLOUDSTACK-9707,2016-12-26,,0,22,2301,2,-3
CLOUDSTACK-9706,2016-12-26,,0,24,1898,2,-2
CLOUDSTACK-9705,2016-12-25,"Date: 2018-02-05T07:43:47.373-08:00, From: Open To: Resolved",0,10,536,1,-2
CLOUDSTACK-9704,2016-12-23,,0,21,2056,2,-2
CLOUDSTACK-9703,2016-12-23,,0,2,274,1,-2
CLOUDSTACK-9702,2016-12-23,,0,0,2,1,-1
CLOUDSTACK-9701,2016-12-23,,0,7,563,1,-2
CLOUDSTACK-9700,2016-12-22,"Date: 2017-01-06T04:31:06.059-08:00, From: Open To: In Progress",0,15,1059,1,-2
CLOUDSTACK-9699,2016-12-22,"Date: 2017-01-02T20:44:26.104-08:00, From: Open To: In Progress",0,18,1212,2,-2
CLOUDSTACK-9698,2016-12-22,,0,25,2929,2,-4
CLOUDSTACK-9697,2016-12-22,,0,5,249,2,-2
CLOUDSTACK-9696,2016-12-21,,0,18,2347,1,-2
CLOUDSTACK-9695,2016-12-21,"Date: 2016-12-21T21:33:42.052-08:00, From: Open To: In Progress",0,11,640,1,-2
CLOUDSTACK-9694,2016-12-21,,0,10,585,1,-2
CLOUDSTACK-9693,2016-12-21,,0,6,331,2,-2
CLOUDSTACK-9692,2016-12-21,,0,36,3112,2,-2
CLOUDSTACK-9691,2016-12-21,,0,56,4510,3,-3
CLOUDSTACK-9690,2016-12-21,,0,16,1020,2,-2
CLOUDSTACK-9689,2016-12-21,,0,3,432,1,-2
CLOUDSTACK-9688,2016-12-20,"Date: 2017-01-06T03:15:22.960-08:00, From: Open To: Closed",0,24,1481,2,-2
CLOUDSTACK-9687,2016-12-20,"Date: 2017-12-19T00:58:07.702-08:00, From: Open To: Closed",0,6,216,1,-2
CLOUDSTACK-9686,2016-12-20,,0,3,353,1,-2
CLOUDSTACK-9685,2016-12-20,,0,3,346,1,-2
CLOUDSTACK-9684,2016-12-19,,0,21,1891,2,-2
CLOUDSTACK-9683,2016-12-18,"Date: 2017-01-06T03:16:14.807-08:00, From: Open To: Closed",0,39,2556,2,-2
CLOUDSTACK-9682,2016-12-18,,0,13,867,1,-2
CLOUDSTACK-9681,2016-12-18,,0,10,649,1,-2
CLOUDSTACK-9680,2016-12-17,,0,0,2,1,-1
CLOUDSTACK-9679,2016-12-16,,0,11,609,1,-2
CLOUDSTACK-9678,2016-12-15,,0,13,723,1,-2
CLOUDSTACK-9677,2016-12-14,"Date: 2018-04-25T15:43:17.269-07:00, From: Open To: Resolved",0,49,7613,3,-3
CLOUDSTACK-9676,2016-12-14,"Date: 2016-12-23T06:32:06.398-08:00, From: Open To: ResolvedDate: 2017-01-06T03:15:17.825-08:00, From: Resolved To: Closed",0,26,3301,2,-2
CLOUDSTACK-9675,2016-12-13,"Date: 2016-12-13T23:21:04.743-08:00, From: Open To: In ProgressDate: 2017-01-11T19:21:41.496-08:00, From: In Progress To: Reviewable",0,13,591,3,-2
CLOUDSTACK-9674,2016-12-13,,0,3,331,3,-2
CLOUDSTACK-9673,2016-12-13,"Date: 2016-12-13T16:51:10.463-08:00, From: Open To: In ProgressDate: 2016-12-23T06:31:43.528-08:00, From: In Progress To: OpenDate: 2016-12-23T06:31:50.549-08:00, From: Open To: ResolvedDate: 2017-01-06T03:15:16.592-08:00, From: Resolved To: Closed",1,12,1403,2,-2
CLOUDSTACK-9672,2016-12-13,,0,0,2,1,-1
CLOUDSTACK-9671,2016-12-13,"Date: 2016-12-14T22:42:00.110-08:00, From: Open To: Resolved",0,6,304,1,-2
CLOUDSTACK-9670,2016-12-13,"Date: 2018-02-20T08:47:31.497-08:00, From: Open To: Resolved",0,1,48,1,-1
CLOUDSTACK-9669,2016-12-12,,0,0,2,1,-1
CLOUDSTACK-9668,2016-12-12,,0,8,591,1,-2
CLOUDSTACK-9667,2016-12-12,,0,3,130,1,-2
CLOUDSTACK-9666,2016-12-12,,0,6,346,1,-2
CLOUDSTACK-9665,2016-12-12,,0,4,175,1,-2
CLOUDSTACK-9664,2016-12-09,,0,1,67,2,-1
CLOUDSTACK-9663,2016-12-09,"Date: 2018-01-15T00:58:26.983-08:00, From: Open To: ResolvedDate: 2018-02-12T05:09:44.931-08:00, From: Resolved To: Closed",0,25,2321,2,-4
CLOUDSTACK-9662,2016-12-09,"Date: 2017-01-06T03:15:13.445-08:00, From: Open To: Closed",0,8,424,1,-1
CLOUDSTACK-9661,2016-12-09,,0,1,36,1,-1
CLOUDSTACK-9660,2016-12-08,,0,11,1127,1,-2
CLOUDSTACK-9659,2016-12-08,,0,14,1929,1,-2
CLOUDSTACK-9658,2016-12-07,,0,0,2,1,-1
CLOUDSTACK-9657,2016-12-07,"Date: 2017-05-25T03:24:36.341-07:00, From: Open To: Resolved",0,8,517,1,-2
CLOUDSTACK-9656,2016-12-06,"Date: 2017-12-19T00:58:33.722-08:00, From: Open To: Resolved",0,23,1077,2,-2
CLOUDSTACK-9655,2016-12-06,,0,23,2087,2,-3
CLOUDSTACK-9654,2016-12-05,"Date: 2016-12-05T21:27:22.812-08:00, From: Open To: In ProgressDate: 2016-12-08T18:53:57.034-08:00, From: In Progress To: OpenDate: 2016-12-08T18:54:08.456-08:00, From: Open To: Resolved",1,25,3308,2,-2
CLOUDSTACK-9653,2016-12-05,,0,28,3099,1,-2
CLOUDSTACK-9652,2016-12-04,,0,16,1803,2,-2
CLOUDSTACK-9651,2016-12-02,,0,7,327,1,-2
CLOUDSTACK-9650,2016-12-02,"Date: 2017-01-10T01:33:17.544-08:00, From: Open To: Resolved",0,31,1719,2,-3
CLOUDSTACK-9649,2016-12-02,"Date: 2017-01-06T03:15:12.794-08:00, From: Open To: Closed",0,17,2119,1,-2
CLOUDSTACK-9648,2016-12-01,"Date: 2017-08-10T04:27:24.029-07:00, From: Open To: Closed",0,15,845,2,-2
CLOUDSTACK-9647,2016-12-01,,0,29,4748,2,-2
CLOUDSTACK-9646,2016-12-01,"Date: 2016-12-02T02:04:41.551-08:00, From: Open To: In ProgressDate: 2016-12-02T02:04:47.256-08:00, From: In Progress To: ReviewableDate: 2016-12-21T20:48:22.501-08:00, From: Reviewable To: ResolvedDate: 2016-12-21T20:48:35.865-08:00, From: Resolved To: Closed",0,22,1811,2,-2
CLOUDSTACK-9645,2016-12-01,,0,11,1343,2,-1
CLOUDSTACK-9644,2016-12-01,,0,13,1293,2,-1
CLOUDSTACK-9643,2016-12-01,,0,12,1292,2,-1
CLOUDSTACK-9642,2016-12-01,,0,0,2,1,-1
CLOUDSTACK-9641,2016-12-01,"Date: 2017-07-27T20:02:37.507-07:00, From: Open To: Closed",0,1,23,1,-1
CLOUDSTACK-9640,2016-12-01,,0,0,2,1,-1
CLOUDSTACK-9639,2016-11-30,"Date: 2017-01-06T03:15:10.522-08:00, From: Open To: Closed",0,17,2403,2,-2
CLOUDSTACK-9638,2016-11-30,,0,7,218,1,-2
CLOUDSTACK-9637,2016-11-30,,0,20,2693,2,-2
CLOUDSTACK-9636,2016-11-30,,0,4,192,1,-3
CLOUDSTACK-9635,2016-11-30,"Date: 2017-03-17T09:23:00.114-07:00, From: Open To: Resolved",0,51,5152,2,-2
CLOUDSTACK-9634,2016-11-30,"Date: 2017-03-17T09:22:37.890-07:00, From: Open To: Resolved",0,6,405,1,-1
CLOUDSTACK-9633,2016-11-30,,0,63,3878,3,-2
CLOUDSTACK-9632,2016-11-30,"Date: 2017-08-10T04:27:11.283-07:00, From: Open To: ResolvedDate: 2018-02-06T01:29:07.259-08:00, From: Resolved To: Closed",0,132,25125,2,-2
CLOUDSTACK-9631,2016-11-29,,0,5,212,1,-1
CLOUDSTACK-9630,2016-11-29,,0,18,1145,1,-2
CLOUDSTACK-9629,2016-11-29,"Date: 2016-11-30T03:43:21.065-08:00, From: Open To: Closed",0,0,2,1,-1
CLOUDSTACK-9628,2016-11-28,,0,18,1616,1,-3
CLOUDSTACK-9627,2016-11-28,,0,14,1584,2,-2
CLOUDSTACK-9626,2016-11-28,,0,41,4475,2,-2
CLOUDSTACK-9625,2016-11-28,,0,12,1375,1,-2
CLOUDSTACK-9624,2016-11-27,"Date: 2016-11-27T22:59:06.344-08:00, From: Open To: In ProgressDate: 2016-11-29T03:56:05.394-08:00, From: In Progress To: OpenDate: 2016-11-29T03:56:20.817-08:00, From: Open To: Resolved",1,24,3254,2,-2
CLOUDSTACK-9623,2016-11-27,,0,10,409,1,-2
CLOUDSTACK-9622,2016-11-27,"Date: 2016-11-27T08:59:58.908-08:00, From: Open To: Closed",0,17,627,1,-2
CLOUDSTACK-9621,2016-11-27,"Date: 2016-11-27T09:01:01.945-08:00, From: Open To: Closed",0,6,182,1,-1
