ID,history,reopenings,comments,score1,score2
CLOUDSTACK-10355,,0,1,1,-1
CLOUDSTACK-10354,,0,0,1,-1
CLOUDSTACK-10353,"Date: 2018-04-06T03:50:58.713-07:00, From: Open To: Closed",0,1,1,-1
CLOUDSTACK-10352,"Date: 2018-04-03T12:55:44.792-07:00, From: Open To: Resolved",0,10,2,-2
CLOUDSTACK-10351,"Date: 2018-04-06T03:49:27.149-07:00, From: Open To: Closed",0,2,1,-1
CLOUDSTACK-10350,"Date: 2018-04-06T03:56:36.407-07:00, From: Open To: Closed",0,2,1,-1
CLOUDSTACK-10349,,0,0,1,-1
CLOUDSTACK-10348,,0,16,2,-3
CLOUDSTACK-10347,,0,0,1,-1
CLOUDSTACK-10346,"Date: 2018-03-27T12:07:41.822-07:00, From: Open To: In ProgressDate: 2018-03-27T12:24:04.651-07:00, From: In Progress To: Reviewable",0,1,1,-2
CLOUDSTACK-10345,"Date: 2018-03-29T10:44:45.790-07:00, From: Open To: Resolved",0,0,1,-1
CLOUDSTACK-10344,"Date: 2018-03-25T16:19:34.708-07:00, From: Open To: In ProgressDate: 2018-03-25T16:19:37.108-07:00, From: In Progress To: OpenDate: 2018-03-25T16:19:39.121-07:00, From: Open To: In ProgressDate: 2018-03-25T16:19:42.512-07:00, From: In Progress To: Reviewable",1,25,2,-2
CLOUDSTACK-10343,,0,0,1,-1
CLOUDSTACK-10342,"Date: 2018-04-03T14:45:48.256-07:00, From: Open To: Resolved",0,0,1,-1
CLOUDSTACK-10341,"Date: 2018-03-22T23:38:29.046-07:00, From: Open To: In ProgressDate: 2018-03-22T23:38:32.687-07:00, From: In Progress To: Reviewable",0,25,2,-3
CLOUDSTACK-10340,"Date: 2018-03-21T23:25:18.517-07:00, From: Open To: In ProgressDate: 2018-03-21T23:25:21.618-07:00, From: In Progress To: Reviewable",0,15,2,-2
CLOUDSTACK-10339,,0,0,1,-1
CLOUDSTACK-10338,,0,0,1,-1
CLOUDSTACK-10337,,0,0,1,-1
CLOUDSTACK-10336,,0,0,1,-1
CLOUDSTACK-10335,,0,0,1,-1
CLOUDSTACK-10334,"Date: 2018-03-28T03:03:13.422-07:00, From: Open To: Resolved",0,23,2,-3
CLOUDSTACK-10333,"Date: 2018-03-22T01:23:08.849-07:00, From: Open To: In ProgressDate: 2018-03-22T01:23:14.964-07:00, From: In Progress To: Reviewable",0,79,3,-2
CLOUDSTACK-10332,"Date: 2018-03-20T10:53:41.956-07:00, From: Open To: In ProgressDate: 2018-03-20T10:53:44.841-07:00, From: In Progress To: ReviewableDate: 2018-03-29T03:06:45.240-07:00, From: Reviewable To: Resolved",0,18,2,-2
CLOUDSTACK-10331,"Date: 2018-03-21T04:01:12.464-07:00, From: Open To: Resolved",0,4,2,-2
CLOUDSTACK-10330,"Date: 2018-03-18T23:09:36.948-07:00, From: Open To: Closed",0,4,2,-2
CLOUDSTACK-10329,"Date: 2018-03-20T03:37:55.912-07:00, From: Open To: Resolved",0,6,2,-2
CLOUDSTACK-10328,,0,0,1,-1
CLOUDSTACK-10327,,0,18,2,-2
CLOUDSTACK-10326,"Date: 2018-03-19T17:43:56.266-07:00, From: Open To: In Progress",0,27,2,-2
CLOUDSTACK-10325,"Date: 2018-03-14T04:17:13.620-07:00, From: Open To: In Progress",0,1,1,-1
CLOUDSTACK-10324,"Date: 2018-03-22T12:02:19.453-07:00, From: Open To: Resolved",0,0,1,-1
CLOUDSTACK-10323,"Date: 2018-03-13T03:19:17.648-07:00, From: Open To: In Progress",0,65,2,-2
CLOUDSTACK-10321,"Date: 2018-03-19T17:44:25.689-07:00, From: Open To: Resolved",0,49,2,-2
CLOUDSTACK-10320,,0,25,2,-2
CLOUDSTACK-10319,"Date: 2018-03-08T03:42:49.694-08:00, From: Open To: In Progress",0,44,2,-2
CLOUDSTACK-10318,"Date: 2018-03-05T10:04:21.679-08:00, From: Open To: In ProgressDate: 2018-03-05T10:05:07.018-08:00, From: In Progress To: ReviewableDate: 2018-03-06T02:53:36.532-08:00, From: Reviewable To: Resolved",0,9,3,-2
CLOUDSTACK-10317,"Date: 2018-03-05T07:39:35.523-08:00, From: Open To: In ProgressDate: 2018-03-05T07:39:37.455-08:00, From: In Progress To: OpenDate: 2018-03-05T07:39:39.504-08:00, From: Open To: In ProgressDate: 2018-03-20T23:13:46.418-07:00, From: In Progress To: ReviewableDate: 2018-03-20T23:13:55.257-07:00, From: Reviewable To: Resolved",1,34,2,-2
CLOUDSTACK-10316,,0,0,1,-1
CLOUDSTACK-10315,,0,12,1,-2
CLOUDSTACK-10314,"Date: 2018-03-03T08:47:22.016-08:00, From: Open To: In ProgressDate: 2018-03-03T08:47:25.794-08:00, From: In Progress To: ReviewableDate: 2018-03-13T07:08:09.739-07:00, From: Reviewable To: Resolved",0,23,2,-3
CLOUDSTACK-10313,"Date: 2018-02-28T03:53:57.578-08:00, From: Open To: In ProgressDate: 2018-03-13T03:24:39.987-07:00, From: In Progress To: ReviewableDate: 2018-03-13T03:24:45.483-07:00, From: Reviewable To: Resolved",0,0,1,-1
CLOUDSTACK-10312,"Date: 2018-03-19T21:40:15.167-07:00, From: Open To: Closed",0,2,1,-1
CLOUDSTACK-10311,,0,22,2,-3
CLOUDSTACK-10310,,0,17,2,-3
CLOUDSTACK-10309,,0,11,2,-4
CLOUDSTACK-10308,,0,0,1,-1
CLOUDSTACK-10307,"Date: 2018-02-26T02:27:22.047-08:00, From: Open To: In ProgressDate: 2018-02-26T02:27:24.441-08:00, From: In Progress To: ReviewableDate: 2018-03-27T03:47:48.323-07:00, From: Reviewable To: Resolved",0,29,2,-3
CLOUDSTACK-10306,"Date: 2018-02-26T01:16:55.592-08:00, From: Open To: In ProgressDate: 2018-02-26T01:16:58.129-08:00, From: In Progress To: ReviewableDate: 2018-03-20T23:14:11.552-07:00, From: Reviewable To: Resolved",0,10,1,-2
CLOUDSTACK-10305,"Date: 2018-03-08T07:53:13.029-08:00, From: Open To: Resolved",0,6,2,-2
CLOUDSTACK-10304,,0,4,1,-2
CLOUDSTACK-10303,"Date: 2018-03-12T06:13:53.063-07:00, From: Open To: ResolvedDate: 2018-03-14T11:11:39.604-07:00, From: Resolved To: Closed",0,13,2,-2
CLOUDSTACK-10302,"Date: 2018-02-20T08:05:42.839-08:00, From: Open To: In ProgressDate: 2018-02-20T08:05:45.005-08:00, From: In Progress To: ReviewableDate: 2018-02-27T11:28:14.546-08:00, From: Reviewable To: Resolved",0,7,1,-2
CLOUDSTACK-10301,"Date: 2018-04-10T04:48:12.966-07:00, From: Open To: Resolved",0,35,2,-3
CLOUDSTACK-10300,,0,0,1,-1
CLOUDSTACK-10299,"Date: 2018-02-27T07:11:39.878-08:00, From: Open To: Resolved",0,32,3,-2
CLOUDSTACK-10298,"Date: 2018-02-19T07:00:00.518-08:00, From: Open To: ResolvedDate: 2018-03-13T08:56:31.623-07:00, From: Resolved To: Closed",0,20,2,-2
CLOUDSTACK-10297,,0,4,1,-2
CLOUDSTACK-10296,"Date: 2018-02-16T02:24:28.479-08:00, From: Open To: In ProgressDate: 2018-02-16T02:24:30.492-08:00, From: In Progress To: ReviewableDate: 2018-03-20T23:13:33.014-07:00, From: Reviewable To: Resolved",0,59,4,-3
CLOUDSTACK-10295,"Date: 2018-03-02T16:06:55.505-08:00, From: Open To: Closed",0,14,2,-3
CLOUDSTACK-10294,"Date: 2018-02-15T07:48:14.568-08:00, From: Open To: Closed",0,3,3,-3
CLOUDSTACK-10293,"Date: 2018-02-22T15:45:39.055-08:00, From: Open To: Resolved",0,21,2,-3
CLOUDSTACK-10292,,0,7,1,-2
CLOUDSTACK-10291,"Date: 2018-02-16T07:13:45.797-08:00, From: Open To: Resolved",0,6,3,-3
CLOUDSTACK-10290,,0,0,1,-1
CLOUDSTACK-10289,"Date: 2018-03-28T09:17:44.001-07:00, From: Open To: In Progress",0,0,1,-1
CLOUDSTACK-10288,"Date: 2018-04-03T06:43:10.558-07:00, From: Open To: In Progress",0,1,1,-1
CLOUDSTACK-10287,,0,14,2,-3
CLOUDSTACK-10286,,0,0,1,-1
CLOUDSTACK-10285,"Date: 2018-02-12T03:51:29.612-08:00, From: Open To: In ProgressDate: 2018-02-12T03:51:31.369-08:00, From: In Progress To: OpenDate: 2018-02-12T03:51:33.009-08:00, From: Open To: In ProgressDate: 2018-02-12T03:51:34.765-08:00, From: In Progress To: Reviewable",1,20,2,-2
CLOUDSTACK-10284,"Date: 2018-02-23T02:57:09.323-08:00, From: Open To: Resolved",0,15,3,-2
CLOUDSTACK-10283,"Date: 2018-02-14T05:46:14.811-08:00, From: Open To: In ProgressDate: 2018-02-14T05:46:18.088-08:00, From: In Progress To: ReviewableDate: 2018-02-26T02:19:52.192-08:00, From: Reviewable To: ResolvedDate: 2018-02-26T02:19:57.776-08:00, From: Resolved To: Closed",0,18,2,-3
CLOUDSTACK-10282,,0,20,1,-2
CLOUDSTACK-10281,,0,1,1,-1
CLOUDSTACK-10280,,0,0,1,-1
CLOUDSTACK-10279,,0,0,1,-1
CLOUDSTACK-10278,,0,116,3,-3
CLOUDSTACK-10277,,0,0,1,-1
CLOUDSTACK-10276,,0,0,1,-1
CLOUDSTACK-10275,,0,0,1,-1
CLOUDSTACK-10274,"Date: 2018-03-08T07:53:26.136-08:00, From: Open To: Resolved",0,39,2,-4
CLOUDSTACK-10271,,0,28,2,-3
CLOUDSTACK-10270,,0,0,1,-1
CLOUDSTACK-10269,,0,62,1,-2
CLOUDSTACK-10268,"Date: 2018-03-15T07:30:31.196-07:00, From: Open To: Resolved",0,89,3,-4
CLOUDSTACK-10267,,0,0,1,-1
CLOUDSTACK-10266,,0,0,1,-1
CLOUDSTACK-10265,,0,0,1,-1
CLOUDSTACK-10264,,0,0,1,-1
CLOUDSTACK-10263,,0,1,1,-1
CLOUDSTACK-10262,,0,3,2,-1
CLOUDSTACK-10261,,0,16,1,-3
CLOUDSTACK-10260,,0,1,1,-2
CLOUDSTACK-10259,"Date: 2018-03-01T08:35:51.099-08:00, From: Open To: Resolved",0,23,2,-2
CLOUDSTACK-10258,"Date: 2018-02-09T11:06:38.347-08:00, From: Open To: Resolved",0,1,1,-1
CLOUDSTACK-10257,"Date: 2018-01-30T05:07:13.473-08:00, From: Open To: In ProgressDate: 2018-01-30T06:19:14.324-08:00, From: In Progress To: ReviewableDate: 2018-03-02T03:09:28.719-08:00, From: Reviewable To: Resolved",0,9,2,-2
CLOUDSTACK-10256,,0,0,1,-1
CLOUDSTACK-10255,"Date: 2018-01-24T04:23:47.971-08:00, From: Open To: In Progress",0,14,1,-2
CLOUDSTACK-10254,,0,11,2,-2
CLOUDSTACK-10253,,0,17,1,-2
CLOUDSTACK-10252,,0,15,2,-2
CLOUDSTACK-10251,"Date: 2018-03-19T17:45:05.622-07:00, From: Open To: Resolved",0,10,1,-2
CLOUDSTACK-10250,"Date: 2018-03-15T07:39:05.241-07:00, From: Open To: Closed",0,27,2,-2
CLOUDSTACK-10249,"Date: 2018-01-23T12:18:25.935-08:00, From: Open To: Closed",0,1,1,-1
CLOUDSTACK-10248,"Date: 2018-01-23T02:41:43.813-08:00, From: Open To: In ProgressDate: 2018-01-23T02:41:46.674-08:00, From: In Progress To: ReviewableDate: 2018-01-23T06:44:33.906-08:00, From: Reviewable To: Resolved",0,1,1,-1
CLOUDSTACK-10247,"Date: 2018-03-19T17:45:42.121-07:00, From: Open To: Resolved",0,7,2,-2
CLOUDSTACK-10246,,0,27,3,-3
CLOUDSTACK-10245,"Date: 2018-01-24T00:08:04.004-08:00, From: Open To: ResolvedDate: 2018-02-19T06:57:17.833-08:00, From: Resolved To: Closed",0,3,1,-1
CLOUDSTACK-10244,"Date: 2018-03-21T13:01:02.712-07:00, From: Open To: ResolvedDate: 2018-03-21T13:01:13.201-07:00, From: Resolved To: Closed",0,4,1,-1
CLOUDSTACK-10243,"Date: 2018-03-08T06:09:08.010-08:00, From: Open To: Closed",0,6,1,-2
CLOUDSTACK-10242,,0,3,1,-1
CLOUDSTACK-10241,"Date: 2018-03-29T11:56:13.471-07:00, From: Open To: Resolved",0,33,2,-3
CLOUDSTACK-10240,"Date: 2018-03-07T13:23:53.236-08:00, From: Open To: Resolved",0,39,2,-2
CLOUDSTACK-10239,,0,25,2,-2
CLOUDSTACK-10238,"Date: 2018-03-15T07:38:42.989-07:00, From: Open To: Closed",0,21,2,-2
CLOUDSTACK-10237,"Date: 2018-03-19T17:55:23.283-07:00, From: Open To: Resolved",0,0,1,-1
CLOUDSTACK-10236,"Date: 2018-01-19T01:03:05.867-08:00, From: Open To: ClosedDate: 2018-01-22T01:16:51.560-08:00, From: Closed To: ReopenedDate: 2018-01-23T12:18:42.549-08:00, From: Reopened To: In ProgressDate: 2018-01-23T12:18:44.671-08:00, From: In Progress To: Reviewable",1,12,2,-3
CLOUDSTACK-10235,"Date: 2018-01-18T22:16:24.993-08:00, From: Open To: Closed",0,4,1,-2
CLOUDSTACK-10234,"Date: 2018-01-17T08:24:45.083-08:00, From: Open To: Closed",0,1,1,-1
CLOUDSTACK-10233,"Date: 2018-01-17T08:05:42.489-08:00, From: Open To: In ProgressDate: 2018-01-19T00:50:18.751-08:00, From: In Progress To: ResolvedDate: 2018-01-19T00:51:47.179-08:00, From: Resolved To: Closed",0,17,1,-2
CLOUDSTACK-10232,,0,49,3,-2
CLOUDSTACK-10231,"Date: 2018-03-15T07:39:12.127-07:00, From: Open To: In ProgressDate: 2018-03-19T17:51:25.261-07:00, From: In Progress To: ReviewableDate: 2018-03-19T17:54:47.691-07:00, From: Reviewable To: ResolvedDate: 2018-03-20T04:37:31.495-07:00, From: Resolved To: ReopenedDate: 2018-03-20T04:37:37.521-07:00, From: Reopened To: In ProgressDate: 2018-03-20T08:33:40.966-07:00, From: In Progress To: OpenDate: 2018-03-20T08:33:48.117-07:00, From: Open To: Resolved",2,29,2,-2
CLOUDSTACK-10230,"Date: 2018-01-12T06:39:43.275-08:00, From: Open To: In ProgressDate: 2018-01-12T08:28:20.520-08:00, From: In Progress To: Reviewable",0,38,3,-3
CLOUDSTACK-10229,,0,1,2,-1
CLOUDSTACK-10228,"Date: 2018-01-12T05:17:17.453-08:00, From: Open To: In Progress",0,0,1,-1
CLOUDSTACK-10227,"Date: 2018-03-20T23:14:35.168-07:00, From: Open To: Closed",0,31,2,-2
CLOUDSTACK-10226,"Date: 2018-04-10T04:49:34.824-07:00, From: Open To: Resolved",0,33,2,-3
CLOUDSTACK-10225,,0,40,3,-4
CLOUDSTACK-10224,,0,0,1,-1
CLOUDSTACK-10223,,0,4,1,-2
CLOUDSTACK-10222,"Date: 2018-02-06T11:38:37.151-08:00, From: Open To: Resolved",0,25,3,-3
CLOUDSTACK-10221,,0,4,1,-2
CLOUDSTACK-10220,,0,8,1,-2
CLOUDSTACK-10219,"Date: 2018-03-14T05:22:45.056-07:00, From: Open To: ResolvedDate: 2018-03-14T05:22:53.704-07:00, From: Resolved To: Closed",0,1,1,-1
CLOUDSTACK-10218,"Date: 2018-02-05T05:25:14.123-08:00, From: Open To: ResolvedDate: 2018-02-19T06:56:55.652-08:00, From: Resolved To: Closed",0,26,2,-4
CLOUDSTACK-10217,,0,18,2,-2
CLOUDSTACK-10216,,0,0,1,-1
CLOUDSTACK-10215,,0,12,1,-2
CLOUDSTACK-10214,"Date: 2018-01-05T10:57:10.969-08:00, From: Open To: In ProgressDate: 2018-01-05T10:57:18.709-08:00, From: In Progress To: Reviewable",0,15,1,-2
CLOUDSTACK-10213,"Date: 2018-01-11T04:08:20.619-08:00, From: Open To: Resolved",0,17,2,-2
CLOUDSTACK-10212,"Date: 2018-01-05T05:15:11.068-08:00, From: Open To: In ProgressDate: 2018-01-09T04:42:03.246-08:00, From: In Progress To: ResolvedDate: 2018-01-09T04:42:12.759-08:00, From: Resolved To: Closed",0,17,2,-2
CLOUDSTACK-10211,"Date: 2018-01-04T06:14:10.937-08:00, From: Open To: ResolvedDate: 2018-01-04T23:36:45.219-08:00, From: Resolved To: Closed",0,6,3,-2
CLOUDSTACK-10210,"Date: 2018-01-03T06:51:50.506-08:00, From: Open To: In ProgressDate: 2018-01-10T00:30:36.152-08:00, From: In Progress To: Closed",0,22,2,-2
CLOUDSTACK-10209,,0,0,1,-1
CLOUDSTACK-10208,"Date: 2017-12-27T00:03:34.711-08:00, From: Open To: Closed",0,1,1,-1
CLOUDSTACK-10207,"Date: 2018-01-10T00:31:00.090-08:00, From: Open To: ClosedDate: 2018-02-20T07:56:28.231-08:00, From: Closed To: Reopened",1,32,3,-2
CLOUDSTACK-10206,,0,0,1,-1
CLOUDSTACK-10205,,0,15,1,-2
CLOUDSTACK-10204,,0,0,1,-1
CLOUDSTACK-10203,,0,0,1,-1
CLOUDSTACK-10202,,0,39,2,-3
CLOUDSTACK-10201,"Date: 2017-12-20T07:47:03.176-08:00, From: Open To: Resolved",0,1,1,-1
CLOUDSTACK-10200,"Date: 2017-12-21T03:49:16.149-08:00, From: Open To: Resolved",0,1,1,-1
CLOUDSTACK-10199,,0,0,1,-1
CLOUDSTACK-10198,,0,1,1,-2
CLOUDSTACK-10197,"Date: 2018-01-08T08:55:18.861-08:00, From: Open To: Resolved",0,90,3,-4
CLOUDSTACK-10196,"Date: 2017-12-18T10:25:01.528-08:00, From: Open To: In ProgressDate: 2017-12-18T10:25:05.144-08:00, From: In Progress To: ReviewableDate: 2017-12-18T10:37:28.886-08:00, From: Reviewable To: Resolved",0,4,3,-2
CLOUDSTACK-10195,"Date: 2017-12-19T04:25:43.757-08:00, From: Open To: In ProgressDate: 2017-12-19T04:25:48.560-08:00, From: In Progress To: ReviewableDate: 2017-12-19T04:25:55.852-08:00, From: Reviewable To: Resolved",0,15,2,-2
CLOUDSTACK-10194,"Date: 2017-12-17T22:45:53.765-08:00, From: Open To: In ProgressDate: 2017-12-17T22:57:19.654-08:00, From: In Progress To: ReviewableDate: 2017-12-17T22:57:32.137-08:00, From: Reviewable To: Resolved",0,15,1,-1
CLOUDSTACK-10193,"Date: 2017-12-16T23:00:31.157-08:00, From: Open To: In ProgressDate: 2017-12-17T11:36:59.263-08:00, From: In Progress To: ReviewableDate: 2017-12-17T11:37:08.054-08:00, From: Reviewable To: ResolvedDate: 2017-12-17T11:37:16.870-08:00, From: Resolved To: Closed",0,20,1,-3
CLOUDSTACK-10192,,0,0,1,-1
CLOUDSTACK-10191,"Date: 2017-12-17T12:20:57.614-08:00, From: Open To: Closed",0,1,1,-1
CLOUDSTACK-10190,,0,15,1,-3
CLOUDSTACK-10189,,0,5,2,-3
CLOUDSTACK-10188,"Date: 2017-12-14T01:56:14.553-08:00, From: Open To: ClosedDate: 2017-12-14T21:09:09.925-08:00, From: Closed To: Reopened",1,32,2,-2
CLOUDSTACK-10187,"Date: 2017-12-12T11:54:27.428-08:00, From: Open To: In ProgressDate: 2017-12-12T12:36:05.430-08:00, From: In Progress To: ReviewableDate: 2017-12-17T11:38:08.241-08:00, From: Reviewable To: ResolvedDate: 2017-12-17T11:38:18.712-08:00, From: Resolved To: Closed",0,11,1,-1
CLOUDSTACK-10186,,0,0,1,-1
CLOUDSTACK-10185,"Date: 2017-12-18T22:15:51.193-08:00, From: Open To: Closed",0,1,1,-1
CLOUDSTACK-10184,"Date: 2017-12-11T08:42:54.460-08:00, From: Open To: In ProgressDate: 2017-12-11T08:42:58.275-08:00, From: In Progress To: ReviewableDate: 2017-12-11T09:10:08.028-08:00, From: Reviewable To: Resolved",0,3,1,-2
CLOUDSTACK-10183,,0,0,1,-1
CLOUDSTACK-10182,,0,5,1,-2
CLOUDSTACK-10181,"Date: 2017-12-16T23:33:57.492-08:00, From: Open To: Closed",0,3,1,-1
CLOUDSTACK-10180,,0,0,1,-1
CLOUDSTACK-10179,,0,1,1,-1
CLOUDSTACK-10178,,0,14,2,-2
CLOUDSTACK-10177,"Date: 2017-12-19T00:39:44.044-08:00, From: Open To: Resolved",0,25,3,-2
CLOUDSTACK-10176,"Date: 2017-12-19T00:40:02.633-08:00, From: Open To: Resolved",0,19,3,-2
CLOUDSTACK-10175,"Date: 2017-12-29T10:54:39.678-08:00, From: Open To: ResolvedDate: 2017-12-29T10:55:04.008-08:00, From: Resolved To: Closed",0,25,2,-3
CLOUDSTACK-10174,,0,0,1,-1
CLOUDSTACK-10173,"Date: 2017-12-19T01:06:15.683-08:00, From: Open To: Resolved",0,22,2,-2
CLOUDSTACK-10172,"Date: 2017-12-05T00:28:18.428-08:00, From: Open To: Closed",0,1,1,-1
CLOUDSTACK-10171,"Date: 2017-12-17T11:40:11.798-08:00, From: Open To: Closed",0,2,1,-1
CLOUDSTACK-10170,,0,0,1,-1
CLOUDSTACK-10169,,0,0,1,-1
CLOUDSTACK-10168,"Date: 2017-12-20T12:40:44.237-08:00, From: Open To: Resolved",0,15,1,-3
CLOUDSTACK-10167,,0,2,1,-1
CLOUDSTACK-10166,"Date: 2018-02-12T13:06:42.742-08:00, From: Open To: Resolved",0,23,2,-2
CLOUDSTACK-10165,,0,0,1,-1
CLOUDSTACK-10164,"Date: 2017-12-11T03:43:18.141-08:00, From: Open To: ResolvedDate: 2017-12-11T08:01:41.364-08:00, From: Resolved To: Closed",0,12,3,-2
CLOUDSTACK-10163,,0,41,2,-3
CLOUDSTACK-10162,,0,0,1,-1
CLOUDSTACK-10161,,0,10,3,-2
CLOUDSTACK-10160,"Date: 2017-12-17T12:47:40.279-08:00, From: Open To: Closed",0,19,2,-2
CLOUDSTACK-10159,,0,1,2,-2
CLOUDSTACK-10158,,0,1,1,-1
CLOUDSTACK-10157,"Date: 2017-12-19T00:44:12.774-08:00, From: Open To: Resolved",0,7,2,-2
CLOUDSTACK-10156,"Date: 2017-11-22T13:57:13.057-08:00, From: Open To: In ProgressDate: 2017-11-22T13:57:16.458-08:00, From: In Progress To: ReviewableDate: 2017-11-23T02:21:03.158-08:00, From: Reviewable To: Resolved",0,5,2,-2
CLOUDSTACK-10155,,0,0,1,-1
CLOUDSTACK-10154,"Date: 2017-12-19T00:44:39.275-08:00, From: Open To: Resolved",0,23,2,-2
CLOUDSTACK-10153,"Date: 2017-11-22T02:10:48.744-08:00, From: Open To: In ProgressDate: 2017-12-19T01:05:19.226-08:00, From: In Progress To: ReviewableDate: 2017-12-19T01:05:28.232-08:00, From: Reviewable To: Open",1,20,2,-2
CLOUDSTACK-10152,"Date: 2017-12-19T00:45:10.726-08:00, From: Open To: Resolved",0,12,2,-2
CLOUDSTACK-10151,,0,0,1,-1
CLOUDSTACK-10150,,0,0,1,-1
CLOUDSTACK-10149,,0,0,1,-1
CLOUDSTACK-10148,,0,0,1,-1
CLOUDSTACK-10147,"Date: 2018-03-13T09:29:21.430-07:00, From: Open To: Resolved",0,31,3,-2
CLOUDSTACK-10146,"Date: 2017-12-30T07:31:32.474-08:00, From: Open To: In ProgressDate: 2018-03-19T17:52:13.100-07:00, From: In Progress To: Resolved",0,174,3,-2
CLOUDSTACK-10145,,0,2,1,-2
CLOUDSTACK-10144,"Date: 2017-12-08T02:31:04.307-08:00, From: Open To: Closed",0,14,2,-2
CLOUDSTACK-10143,,0,0,1,-1
CLOUDSTACK-10142,"Date: 2017-12-19T00:46:20.434-08:00, From: Open To: Resolved",0,2,1,-1
CLOUDSTACK-10141,,0,6,2,-2
CLOUDSTACK-10140,"Date: 2017-12-12T07:02:11.463-08:00, From: Open To: Resolved",0,33,3,-3
CLOUDSTACK-10139,,0,0,1,-1
CLOUDSTACK-10138,"Date: 2017-12-19T00:46:57.495-08:00, From: Open To: Resolved",0,21,2,-2
CLOUDSTACK-10137,"Date: 2017-12-17T12:49:20.194-08:00, From: Open To: Closed",0,8,2,-2
CLOUDSTACK-10136,"Date: 2017-12-17T12:06:06.924-08:00, From: Open To: Resolved",0,14,2,-2
CLOUDSTACK-10135,"Date: 2017-12-19T00:47:44.091-08:00, From: Open To: Resolved",0,21,2,-2
CLOUDSTACK-10134,,0,28,1,-2
CLOUDSTACK-10133,"Date: 2017-12-19T00:48:04.981-08:00, From: Open To: Resolved",0,10,1,-2
CLOUDSTACK-10132,"Date: 2018-02-27T02:50:56.865-08:00, From: Open To: In ProgressDate: 2018-02-27T02:51:01.167-08:00, From: In Progress To: ReviewableDate: 2018-03-20T23:13:15.562-07:00, From: Reviewable To: Resolved",0,137,2,-2
CLOUDSTACK-10131,,0,0,1,-1
CLOUDSTACK-10130,,0,0,1,-1
CLOUDSTACK-10129,"Date: 2017-11-02T23:52:19.638-07:00, From: Open To: In ProgressDate: 2017-11-02T23:52:23.445-07:00, From: In Progress To: ReviewableDate: 2017-12-17T12:04:20.082-08:00, From: Reviewable To: ResolvedDate: 2017-12-17T12:04:32.803-08:00, From: Resolved To: Closed",0,45,2,-2
CLOUDSTACK-10128,"Date: 2018-01-08T01:56:12.713-08:00, From: Open To: In ProgressDate: 2018-01-08T01:56:16.111-08:00, From: In Progress To: ReviewableDate: 2018-01-08T01:56:32.430-08:00, From: Reviewable To: Resolved",0,22,2,-2
CLOUDSTACK-10127,"Date: 2017-12-22T19:49:52.470-08:00, From: Open To: Resolved",0,83,2,-3
CLOUDSTACK-10126,"Date: 2018-03-19T17:46:49.407-07:00, From: Open To: Resolved",0,97,2,-3
CLOUDSTACK-10125,,0,0,1,-1
CLOUDSTACK-10124,,0,0,1,-1
CLOUDSTACK-10123,,0,12,1,-2
CLOUDSTACK-10122,"Date: 2017-12-22T20:25:52.343-08:00, From: Open To: Resolved",0,19,2,-3
CLOUDSTACK-10121,"Date: 2017-12-21T07:27:42.408-08:00, From: Open To: Resolved",0,129,2,-3
CLOUDSTACK-10120,,0,11,3,-2
CLOUDSTACK-10119,,0,0,1,-1
CLOUDSTACK-10118,"Date: 2017-12-20T00:07:09.553-08:00, From: Open To: In ProgressDate: 2017-12-20T00:07:47.445-08:00, From: In Progress To: Resolved",0,12,2,-2
CLOUDSTACK-10117,,0,121,3,-2
CLOUDSTACK-10116,,0,0,1,-1
CLOUDSTACK-10115,,0,0,1,-1
CLOUDSTACK-10114,,0,0,1,-1
CLOUDSTACK-10113,"Date: 2017-10-26T01:10:04.392-07:00, From: Open To: Resolved",0,5,1,-1
CLOUDSTACK-10112,,0,3,1,-1
CLOUDSTACK-10111,"Date: 2017-10-16T06:25:26.403-07:00, From: Open To: In ProgressDate: 2017-10-16T06:25:29.935-07:00, From: In Progress To: ReviewableDate: 2017-11-03T09:18:42.495-07:00, From: Reviewable To: Resolved",0,5,3,-2
CLOUDSTACK-10110,,0,0,1,-1
CLOUDSTACK-10109,"Date: 2018-03-19T17:50:25.138-07:00, From: Open To: Resolved",0,66,3,-3
CLOUDSTACK-10108,,0,46,2,-2
CLOUDSTACK-10107,"Date: 2017-10-10T05:00:54.923-07:00, From: Open To: In ProgressDate: 2017-10-10T05:00:58.886-07:00, From: In Progress To: ReviewableDate: 2017-12-17T12:07:08.589-08:00, From: Reviewable To: Resolved",0,2,1,-2
CLOUDSTACK-10106,,0,28,2,-2
CLOUDSTACK-10105,,0,52,3,-2
CLOUDSTACK-10104,,0,26,2,-2
CLOUDSTACK-10103,"Date: 2017-10-03T00:13:53.347-07:00, From: Open To: In ProgressDate: 2017-12-17T12:06:16.416-08:00, From: In Progress To: ReviewableDate: 2017-12-17T12:06:25.694-08:00, From: Reviewable To: Resolved",0,6,3,-2
CLOUDSTACK-10102,"Date: 2017-12-22T20:25:28.390-08:00, From: Open To: Resolved",0,48,2,-2
CLOUDSTACK-10101,"Date: 2017-10-02T07:39:25.387-07:00, From: Open To: In ProgressDate: 2017-10-02T07:39:29.751-07:00, From: In Progress To: ReviewableDate: 2017-10-10T11:24:11.667-07:00, From: Reviewable To: Resolved",0,2,1,-1
CLOUDSTACK-10100,,0,0,1,-1
CLOUDSTACK-10099,,0,5,2,-2
CLOUDSTACK-10098,,0,0,1,-1
CLOUDSTACK-10097,"Date: 2017-09-27T06:18:06.372-07:00, From: Open To: Closed",0,0,1,-1
CLOUDSTACK-10096,,0,25,1,-2
CLOUDSTACK-10095,,0,0,1,-1
CLOUDSTACK-10094,"Date: 2017-09-27T06:03:46.647-07:00, From: Open To: Closed",0,0,1,-1
CLOUDSTACK-10093,"Date: 2017-09-25T02:21:45.118-07:00, From: Open To: Closed",0,0,1,-1
CLOUDSTACK-10092,"Date: 2017-09-25T02:21:26.918-07:00, From: Open To: Closed",0,0,1,-1
CLOUDSTACK-10091,"Date: 2017-09-25T02:20:34.805-07:00, From: Open To: Closed",0,0,1,-1
CLOUDSTACK-10090,,0,20,2,-2
CLOUDSTACK-10089,,0,16,1,-2
CLOUDSTACK-10088,,0,0,1,-1
CLOUDSTACK-10087,,0,21,1,-2
CLOUDSTACK-10086,,0,0,1,-1
CLOUDSTACK-10085,,0,14,2,-3
CLOUDSTACK-10084,,0,0,1,-1
CLOUDSTACK-10083,,0,1,1,-1
CLOUDSTACK-10082,,0,0,1,-1
CLOUDSTACK-10081,"Date: 2017-10-31T10:19:26.080-07:00, From: Open To: ResolvedDate: 2017-10-31T10:20:09.136-07:00, From: Resolved To: Closed",0,7,1,-2
CLOUDSTACK-10080,,0,0,1,-1
CLOUDSTACK-10079,,0,0,1,-1
CLOUDSTACK-10078,,0,0,1,-1
CLOUDSTACK-10077,"Date: 2018-02-20T07:58:04.365-08:00, From: Open To: Resolved",0,9,1,-2
CLOUDSTACK-10076,,0,0,1,-1
CLOUDSTACK-10075,,0,0,1,-1
CLOUDSTACK-10074,,0,1,1,-1
CLOUDSTACK-10073,,0,1,1,-1
CLOUDSTACK-10072,,0,0,1,-1
CLOUDSTACK-10071,,0,0,1,-1
CLOUDSTACK-10070,,0,25,2,-2
CLOUDSTACK-10069,"Date: 2017-10-09T01:45:01.474-07:00, From: Open To: In ProgressDate: 2017-10-09T01:45:04.806-07:00, From: In Progress To: ReviewableDate: 2017-10-09T01:45:22.463-07:00, From: Reviewable To: Resolved",0,3,1,-1
CLOUDSTACK-10068,,0,1,1,-2
CLOUDSTACK-10067,,0,1,1,-1
CLOUDSTACK-10066,,0,0,1,-1
CLOUDSTACK-10065,,0,28,2,-2
CLOUDSTACK-10064,,0,0,1,-1
CLOUDSTACK-10063,,0,0,1,-1
CLOUDSTACK-10062,,0,0,1,-1
CLOUDSTACK-10061,,0,1,1,-1
CLOUDSTACK-10060,,0,2,1,-3
CLOUDSTACK-10059,,0,2,1,-1
CLOUDSTACK-10058,,0,2,1,-1
CLOUDSTACK-10057,"Date: 2017-08-29T06:10:03.539-07:00, From: Open To: In ProgressDate: 2017-08-29T06:34:12.556-07:00, From: In Progress To: ResolvedDate: 2017-10-31T10:18:39.258-07:00, From: Resolved To: Closed",0,11,2,-2
CLOUDSTACK-10056,,0,1,1,-1
CLOUDSTACK-10055,,0,0,1,-1
CLOUDSTACK-10054,,0,32,1,-3
CLOUDSTACK-10053,"Date: 2017-11-02T03:58:31.678-07:00, From: Open To: ResolvedDate: 2017-11-02T03:58:40.502-07:00, From: Resolved To: Closed",0,10,2,-2
CLOUDSTACK-10052,"Date: 2017-08-21T03:43:36.748-07:00, From: Open To: In ProgressDate: 2017-08-21T03:43:39.296-07:00, From: In Progress To: ReviewableDate: 2017-10-09T01:45:32.427-07:00, From: Reviewable To: Resolved",0,3,1,-2
CLOUDSTACK-10051,,0,14,2,-2
CLOUDSTACK-10050,,0,0,1,-1
CLOUDSTACK-10049,,0,0,1,-1
CLOUDSTACK-10048,,0,0,1,-1
CLOUDSTACK-10047,"Date: 2017-10-10T05:01:12.705-07:00, From: Open To: In ProgressDate: 2017-12-17T12:06:43.462-08:00, From: In Progress To: ReviewableDate: 2017-12-17T12:06:52.018-08:00, From: Reviewable To: Resolved",0,9,2,-2
CLOUDSTACK-10046,,0,23,2,-1
CLOUDSTACK-10045,,0,0,1,-1
CLOUDSTACK-10044,"Date: 2017-12-22T20:26:07.138-08:00, From: Open To: Resolved",0,1,1,-1
CLOUDSTACK-10043,"Date: 2017-12-08T02:42:18.173-08:00, From: Open To: Closed",0,10,2,-2
CLOUDSTACK-10042,"Date: 2017-11-27T03:10:03.071-08:00, From: Open To: Closed",0,4,1,-1
CLOUDSTACK-10041,,0,1,4,-1
CLOUDSTACK-10040,,0,2,1,-2
CLOUDSTACK-10039,,0,24,3,-2
CLOUDSTACK-10038,"Date: 2017-08-08T20:28:10.304-07:00, From: Open To: In ProgressDate: 2017-08-09T18:01:02.353-07:00, From: In Progress To: Closed",0,2,1,-1
CLOUDSTACK-10037,,0,0,1,-1
CLOUDSTACK-10036,"Date: 2017-08-08T03:06:08.551-07:00, From: Open To: Resolved",0,2,1,-1
CLOUDSTACK-10035,,0,1,1,-1
CLOUDSTACK-10034,"Date: 2017-08-05T15:04:09.293-07:00, From: Open To: Resolved",0,2,1,-1
CLOUDSTACK-10033,,0,0,1,-1
CLOUDSTACK-10032,,0,2,1,-1
CLOUDSTACK-10031,"Date: 2017-08-04T02:43:24.360-07:00, From: Open To: In ProgressDate: 2017-11-14T00:15:02.790-08:00, From: In Progress To: Closed",0,6,1,-1
CLOUDSTACK-10030,,0,1,1,-1
CLOUDSTACK-10029,,0,9,2,-2
CLOUDSTACK-10028,"Date: 2017-08-28T06:23:05.982-07:00, From: Open To: Closed",0,1,1,-1
CLOUDSTACK-10027,,0,1,1,-1
CLOUDSTACK-10026,,0,1,1,-1
CLOUDSTACK-10025,,0,23,3,-3
CLOUDSTACK-10024,"Date: 2018-02-06T04:18:14.787-08:00, From: Open To: Closed",0,101,3,-3
CLOUDSTACK-10023,,0,0,1,-1
CLOUDSTACK-10022,"Date: 2017-08-04T06:15:48.091-07:00, From: Open To: In ProgressDate: 2017-08-04T06:17:47.197-07:00, From: In Progress To: ReviewableDate: 2017-09-26T12:05:22.319-07:00, From: Reviewable To: Resolved",0,1,1,-1
CLOUDSTACK-10021,"Date: 2017-07-28T01:08:32.669-07:00, From: Open To: In ProgressDate: 2017-07-28T01:08:35.456-07:00, From: In Progress To: ReviewableDate: 2017-07-28T01:08:43.353-07:00, From: Reviewable To: Resolved",0,1,1,-1
CLOUDSTACK-10020,,0,0,1,-1
CLOUDSTACK-10019,,0,1,1,-1
CLOUDSTACK-10018,,0,0,1,-1
CLOUDSTACK-10017,,0,0,1,-1
CLOUDSTACK-10016,,0,3,1,-1
CLOUDSTACK-10015,,0,1,1,-1
CLOUDSTACK-10014,,0,2,1,-1
CLOUDSTACK-10013,"Date: 2017-12-23T23:52:12.604-08:00, From: Open To: Resolved",0,474,3,-4
CLOUDSTACK-10012,"Date: 2017-12-17T12:05:00.080-08:00, From: Open To: Resolved",0,173,3,-3
CLOUDSTACK-10011,,0,3,1,-1
CLOUDSTACK-10010,,0,15,3,-3
CLOUDSTACK-10009,,0,1,1,-1
CLOUDSTACK-10008,,0,0,1,-1
CLOUDSTACK-10007,,0,5,1,-1
CLOUDSTACK-10006,"Date: 2018-03-19T17:50:48.449-07:00, From: Open To: In ProgressDate: 2018-03-19T17:50:56.160-07:00, From: In Progress To: Open",1,0,1,-1
CLOUDSTACK-10005,,0,1,1,-1
CLOUDSTACK-10004,,0,2,1,-2
CLOUDSTACK-10003,,0,9,1,-3
CLOUDSTACK-10002,,0,3,1,-1
CLOUDSTACK-10001,"Date: 2017-12-18T22:18:11.240-08:00, From: Open To: Resolved",0,14,2,-1
CLOUDSTACK-10000,,0,2,1,-1
CLOUDSTACK-9999,"Date: 2017-07-13T03:29:36.481-07:00, From: Open To: In ProgressDate: 2017-07-13T03:29:38.775-07:00, From: In Progress To: Reviewable",0,4,2,-4
CLOUDSTACK-9998,"Date: 2017-07-13T03:25:34.448-07:00, From: Open To: In ProgressDate: 2017-10-09T01:45:47.907-07:00, From: In Progress To: ReviewableDate: 2017-12-17T12:05:41.709-08:00, From: Reviewable To: Resolved",0,15,1,-2
CLOUDSTACK-9997,"Date: 2017-07-13T03:23:48.858-07:00, From: Open To: In ProgressDate: 2017-07-13T03:23:51.303-07:00, From: In Progress To: Reviewable",0,1,1,-1
CLOUDSTACK-9996,,0,2,1,-1
CLOUDSTACK-9995,,0,0,1,-1
CLOUDSTACK-9994,,0,1,1,-1
CLOUDSTACK-9993,"Date: 2017-07-13T04:07:13.949-07:00, From: Open To: In ProgressDate: 2017-10-09T01:44:46.564-07:00, From: In Progress To: ReviewableDate: 2017-10-09T01:44:54.526-07:00, From: Reviewable To: Resolved",0,4,1,-1
CLOUDSTACK-9992,,0,2,1,-1
CLOUDSTACK-9991,,0,0,1,-1
CLOUDSTACK-9990,"Date: 2018-01-10T03:43:50.018-08:00, From: Open To: Closed",0,1,1,-1
CLOUDSTACK-9989,,0,14,2,-2
CLOUDSTACK-9988,,0,0,1,-1
CLOUDSTACK-9987,,0,0,1,-1
CLOUDSTACK-9986,"Date: 2017-08-10T04:28:26.522-07:00, From: Open To: Closed",0,17,2,-2
CLOUDSTACK-9985,"Date: 2017-07-21T12:12:52.112-07:00, From: Open To: Closed",0,2,1,-1
CLOUDSTACK-9984,,0,3,1,-1
CLOUDSTACK-9983,"Date: 2017-08-10T04:20:17.982-07:00, From: Open To: Resolved",0,3,1,-1
CLOUDSTACK-9982,"Date: 2017-08-01T23:38:12.431-07:00, From: Open To: Closed",0,2,1,-1
CLOUDSTACK-9981,,0,2,1,-1
CLOUDSTACK-9980,"Date: 2017-06-27T07:34:40.761-07:00, From: Open To: In ProgressDate: 2017-07-06T10:25:32.823-07:00, From: In Progress To: ResolvedDate: 2017-07-06T10:25:58.697-07:00, From: Resolved To: Closed",0,4,1,-1
CLOUDSTACK-9979,"Date: 2017-12-17T12:24:09.248-08:00, From: Open To: Closed",0,1,1,-1
CLOUDSTACK-9978,"Date: 2017-07-02T02:17:20.567-07:00, From: Open To: Closed",0,2,2,-1
CLOUDSTACK-9977,"Date: 2017-07-13T21:02:26.462-07:00, From: Open To: In ProgressDate: 2017-07-20T13:38:43.325-07:00, From: In Progress To: ReviewableDate: 2017-08-04T06:17:02.652-07:00, From: Reviewable To: Resolved",0,0,1,-1
CLOUDSTACK-9976,"Date: 2017-07-20T13:38:19.504-07:00, From: Open To: In ProgressDate: 2017-07-20T13:38:28.815-07:00, From: In Progress To: Reviewable",0,11,2,-2
CLOUDSTACK-9975,"Date: 2017-07-20T13:39:33.076-07:00, From: Open To: In Progress",0,8,2,-3
CLOUDSTACK-9974,,0,1,2,-1
CLOUDSTACK-9973,,0,0,1,-1
CLOUDSTACK-9972,,0,19,2,-2
CLOUDSTACK-9971,"Date: 2018-01-10T00:34:09.354-08:00, From: Open To: Closed",0,9,1,-2
CLOUDSTACK-9970,,0,0,1,-1
CLOUDSTACK-9969,,0,0,1,-1
CLOUDSTACK-9968,,0,0,1,-1
CLOUDSTACK-9967,,0,1,1,-1
CLOUDSTACK-9966,,0,0,1,-1
CLOUDSTACK-9965,,0,2,1,-1
CLOUDSTACK-9964,"Date: 2017-08-17T06:10:44.021-07:00, From: Open To: In ProgressDate: 2017-08-17T06:11:05.592-07:00, From: In Progress To: OpenDate: 2017-12-19T00:52:47.834-08:00, From: Open To: Resolved",1,3,1,-1
CLOUDSTACK-9963,,0,1,1,-1
CLOUDSTACK-9962,,0,0,1,-1
CLOUDSTACK-9961,,0,3,1,-2
CLOUDSTACK-9960,,0,1,1,-1
CLOUDSTACK-9959,"Date: 2017-12-17T12:53:42.704-08:00, From: Open To: Closed",0,1,1,-1
CLOUDSTACK-9958,,0,10,1,-2
CLOUDSTACK-9957,,0,3,1,-1
CLOUDSTACK-9956,,0,1,1,-1
CLOUDSTACK-9955,"Date: 2017-08-06T20:24:44.668-07:00, From: Open To: Resolved",0,4,1,-2
CLOUDSTACK-9954,,0,2,1,-1
CLOUDSTACK-9953,"Date: 2017-12-16T00:53:54.521-08:00, From: Open To: Resolved",0,14,1,-1
CLOUDSTACK-9952,"Date: 2017-07-21T12:11:28.345-07:00, From: Open To: ClosedDate: 2017-07-21T12:13:06.899-07:00, From: Closed To: ReopenedDate: 2017-08-10T04:21:04.946-07:00, From: Reopened To: Resolved",1,6,1,-3
CLOUDSTACK-9951,,0,1,1,-1
CLOUDSTACK-9950,,0,1,1,-1
CLOUDSTACK-9949,"Date: 2017-06-08T18:38:12.735-07:00, From: Open To: In Progress",0,2,1,-1
CLOUDSTACK-9948,,0,1,1,-1
CLOUDSTACK-9947,,0,0,1,-1
CLOUDSTACK-9946,,0,1,1,-1
CLOUDSTACK-9945,,0,0,1,-1
CLOUDSTACK-9944,,0,1,1,-1
CLOUDSTACK-9943,"Date: 2017-06-28T22:51:33.102-07:00, From: Open To: Resolved",0,1,1,-1
CLOUDSTACK-9942,,0,0,1,-1
CLOUDSTACK-9941,"Date: 2017-06-16T05:30:38.715-07:00, From: Open To: Closed",0,1,1,-1
CLOUDSTACK-9940,,0,0,1,-1
CLOUDSTACK-9939,"Date: 2017-07-10T05:22:24.247-07:00, From: Open To: In ProgressDate: 2017-07-10T05:22:46.624-07:00, From: In Progress To: Resolved",0,3,1,-3
CLOUDSTACK-9938,,0,1,1,-1
CLOUDSTACK-9937,,0,4,1,-1
CLOUDSTACK-9936,,0,0,1,-1
CLOUDSTACK-9935,,0,6,1,-1
CLOUDSTACK-9934,,0,1,1,-1
CLOUDSTACK-9933,,0,0,1,-1
CLOUDSTACK-9932,"Date: 2017-06-14T05:10:05.489-07:00, From: Open To: In ProgressDate: 2017-07-10T05:23:12.464-07:00, From: In Progress To: ResolvedDate: 2017-08-20T23:24:24.972-07:00, From: Resolved To: Closed",0,27,1,-2
CLOUDSTACK-9931,,0,0,1,-1
CLOUDSTACK-9930,,0,0,1,-1
CLOUDSTACK-9929,"Date: 2017-05-29T03:40:06.378-07:00, From: Open To: In ProgressDate: 2017-11-27T03:10:07.258-08:00, From: In Progress To: OpenDate: 2017-11-27T03:10:16.326-08:00, From: Open To: Resolved",1,7,1,-2
CLOUDSTACK-9928,"Date: 2017-05-25T03:28:10.253-07:00, From: Open To: In ProgressDate: 2017-05-25T04:33:20.724-07:00, From: In Progress To: ReviewableDate: 2017-08-10T04:25:30.386-07:00, From: Reviewable To: ResolvedDate: 2017-08-10T04:25:39.008-07:00, From: Resolved To: Closed",0,2,1,-2
CLOUDSTACK-9927,,0,2,2,-2
CLOUDSTACK-9926,,0,0,1,-1
CLOUDSTACK-9925,"Date: 2017-05-18T12:10:53.258-07:00, From: Open To: In ProgressDate: 2017-07-20T13:40:00.947-07:00, From: In Progress To: ReviewableDate: 2017-08-04T06:16:36.856-07:00, From: Reviewable To: Resolved",0,1,1,-1
CLOUDSTACK-9924,,0,0,1,-1
CLOUDSTACK-9923,,0,0,1,-1
CLOUDSTACK-9922,,0,1,1,-1
CLOUDSTACK-9921,,0,29,1,-2
CLOUDSTACK-9920,,0,0,1,-1
CLOUDSTACK-9919,,0,0,1,-1
CLOUDSTACK-9918,,0,2,1,-1
CLOUDSTACK-9917,"Date: 2017-06-06T04:58:08.753-07:00, From: Open To: Resolved",0,1,1,-1
CLOUDSTACK-9916,"Date: 2017-12-17T12:56:18.890-08:00, From: Open To: Closed",0,1,1,-1
CLOUDSTACK-9915,,0,1,1,-1
CLOUDSTACK-9914,"Date: 2017-05-18T12:11:06.966-07:00, From: Open To: In ProgressDate: 2017-07-20T13:39:21.620-07:00, From: In Progress To: ReviewableDate: 2017-08-23T12:56:22.332-07:00, From: Reviewable To: ResolvedDate: 2017-08-23T12:57:31.117-07:00, From: Resolved To: ReopenedDate: 2017-09-26T12:02:27.222-07:00, From: Reopened To: ClosedDate: 2017-09-26T12:04:27.643-07:00, From: Closed To: ReopenedDate: 2017-09-26T12:04:38.584-07:00, From: Reopened To: Resolved",2,1,1,-1
CLOUDSTACK-9913,,0,2,2,-1
CLOUDSTACK-9912,"Date: 2017-05-09T00:50:41.509-07:00, From: Open To: In Progress",0,0,1,-1
CLOUDSTACK-9911,,0,0,1,-1
CLOUDSTACK-9910,,0,0,1,-1
CLOUDSTACK-9909,,0,4,2,-2
CLOUDSTACK-9908,,0,19,2,-2
CLOUDSTACK-9907,,0,3,1,-1
CLOUDSTACK-9906,,0,10,1,-2
CLOUDSTACK-9905,,0,2,1,-1
CLOUDSTACK-9904,"Date: 2017-05-04T01:18:17.349-07:00, From: Open To: In ProgressDate: 2017-08-10T04:28:10.350-07:00, From: In Progress To: ReviewableDate: 2017-08-10T04:28:15.352-07:00, From: Reviewable To: Resolved",0,4,1,-1
CLOUDSTACK-9903,,0,0,1,-1
CLOUDSTACK-9902,"Date: 2017-05-04T08:26:37.243-07:00, From: Open To: In Progress",0,2,1,-1
CLOUDSTACK-9901,,0,2,1,-1
CLOUDSTACK-9900,"Date: 2017-05-03T01:43:27.305-07:00, From: Open To: In ProgressDate: 2017-08-10T04:27:59.918-07:00, From: In Progress To: ReviewableDate: 2017-08-10T04:28:04.789-07:00, From: Reviewable To: Resolved",0,3,1,-1
CLOUDSTACK-9899,,0,18,1,-2
CLOUDSTACK-9898,,0,0,1,-1
CLOUDSTACK-9897,,0,0,1,-1
CLOUDSTACK-9896,,0,36,1,-3
CLOUDSTACK-9895,"Date: 2017-06-14T23:57:21.444-07:00, From: Open To: Closed",0,4,1,-1
CLOUDSTACK-9894,"Date: 2017-05-05T05:26:14.348-07:00, From: Open To: In Progress",0,2,3,-1
CLOUDSTACK-9893,"Date: 2017-04-25T12:44:41.667-07:00, From: Open To: In ProgressDate: 2017-05-02T11:12:40.980-07:00, From: In Progress To: ResolvedDate: 2017-05-02T11:15:57.524-07:00, From: Resolved To: Closed",0,2,1,-1
CLOUDSTACK-9892,"Date: 2018-01-07T03:55:01.151-08:00, From: Open To: Closed",0,45,2,-2
CLOUDSTACK-9891,,0,1,1,-1
CLOUDSTACK-9890,,0,0,1,-1
CLOUDSTACK-9889,,0,47,2,-2
CLOUDSTACK-9888,,0,4,1,-2
CLOUDSTACK-9887,,0,2,1,-1
CLOUDSTACK-9886,,0,4,1,-1
CLOUDSTACK-9885,,0,30,2,-2
CLOUDSTACK-9884,,0,0,1,-1
CLOUDSTACK-9883,"Date: 2017-05-25T02:36:30.783-07:00, From: Open To: Resolved",0,1,1,-1
CLOUDSTACK-9882,,0,0,1,-1
CLOUDSTACK-9881,,0,0,1,-1
CLOUDSTACK-9880,,0,63,2,-3
CLOUDSTACK-9879,,0,0,1,-1
CLOUDSTACK-9878,"Date: 2017-05-08T22:56:48.183-07:00, From: Open To: Resolved",0,4,1,-1
CLOUDSTACK-9877,,0,7,2,-2
CLOUDSTACK-9876,,0,8,1,-2
CLOUDSTACK-9875,,0,10,1,-2
CLOUDSTACK-9874,,0,0,1,-1
CLOUDSTACK-9873,"Date: 2017-09-12T07:35:24.901-07:00, From: Open To: ResolvedDate: 2017-09-12T07:35:45.173-07:00, From: Resolved To: Closed",0,4,1,-2
CLOUDSTACK-9872,"Date: 2017-09-12T07:34:59.360-07:00, From: Open To: ResolvedDate: 2017-09-12T07:35:56.543-07:00, From: Resolved To: Closed",0,1,1,-2
CLOUDSTACK-9871,"Date: 2017-05-26T06:45:12.687-07:00, From: Open To: Resolved",0,15,2,-2
CLOUDSTACK-9870,,0,1,1,-1
CLOUDSTACK-9868,"Date: 2017-12-17T12:02:18.039-08:00, From: Open To: Closed",0,4,1,-1
CLOUDSTACK-9867,,0,37,2,-3
CLOUDSTACK-9865,,0,3,1,-2
CLOUDSTACK-9864,"Date: 2017-05-02T08:37:56.679-07:00, From: Open To: Resolved",0,16,1,-2
CLOUDSTACK-9863,,0,0,1,-1
CLOUDSTACK-9862,,0,6,1,-2
CLOUDSTACK-9861,,0,14,2,-2
CLOUDSTACK-9860,"Date: 2017-08-10T04:28:34.900-07:00, From: Open To: Closed",0,8,1,-2
CLOUDSTACK-9859,"Date: 2017-10-04T09:48:38.691-07:00, From: Open To: In ProgressDate: 2017-10-04T10:31:06.536-07:00, From: In Progress To: ReviewableDate: 2017-10-10T03:28:14.338-07:00, From: Reviewable To: Resolved",0,2,1,-1
CLOUDSTACK-9858,"Date: 2017-07-18T07:55:24.926-07:00, From: Open To: Resolved",0,7,1,-2
CLOUDSTACK-9857,"Date: 2017-12-19T00:55:26.640-08:00, From: Open To: Resolved",0,19,2,-2
CLOUDSTACK-9856,,0,0,1,-1
CLOUDSTACK-9855,"Date: 2017-12-19T00:56:21.007-08:00, From: Open To: Resolved",0,2,1,-1
CLOUDSTACK-9854,"Date: 2017-12-22T20:28:23.072-08:00, From: Open To: Resolved",0,23,4,-2
CLOUDSTACK-9853,,0,12,2,-2
CLOUDSTACK-9852,,0,6,1,-2
CLOUDSTACK-9851,"Date: 2017-03-30T05:49:52.002-07:00, From: Open To: Resolved",0,16,2,-2
CLOUDSTACK-9850,"Date: 2017-03-30T05:50:02.820-07:00, From: Open To: Resolved",0,1,1,-1
CLOUDSTACK-9849,"Date: 2017-04-12T05:45:55.150-07:00, From: Open To: In Progress",0,7,3,-2
CLOUDSTACK-9848,"Date: 2017-05-25T03:20:23.362-07:00, From: Open To: Resolved",0,9,2,-2
CLOUDSTACK-9847,,0,3,1,-2
CLOUDSTACK-9846,"Date: 2018-01-05T10:57:15.610-08:00, From: Open To: In ProgressDate: 2018-01-05T10:57:20.167-08:00, From: In Progress To: ReviewableDate: 2018-03-14T11:28:58.189-07:00, From: Reviewable To: Resolved",0,1,1,-2
CLOUDSTACK-9845,,0,0,1,-1
CLOUDSTACK-9844,,0,0,1,-1
CLOUDSTACK-9843,,0,3,2,-2
CLOUDSTACK-9842,,0,9,1,-2
CLOUDSTACK-9841,,0,0,1,-1
CLOUDSTACK-9840,,0,9,2,-2
CLOUDSTACK-9839,"Date: 2017-12-19T00:43:36.253-08:00, From: Open To: Resolved",0,6,2,-1
CLOUDSTACK-9838,"Date: 2017-08-10T04:20:24.926-07:00, From: Open To: Resolved",0,14,1,-2
CLOUDSTACK-9837,"Date: 2017-12-23T00:51:43.968-08:00, From: Open To: Resolved",0,1,1,-1
CLOUDSTACK-9836,"Date: 2017-04-16T23:32:36.373-07:00, From: Open To: Resolved",0,4,1,-1
CLOUDSTACK-9835,,0,4,1,-2
CLOUDSTACK-9834,,0,2,1,-2
CLOUDSTACK-9833,,0,4,2,-3
CLOUDSTACK-9832,"Date: 2017-10-31T10:22:55.678-07:00, From: Open To: In ProgressDate: 2017-11-02T03:59:18.099-07:00, From: In Progress To: ResolvedDate: 2017-11-02T03:59:28.251-07:00, From: Resolved To: Closed",0,13,1,-2
CLOUDSTACK-9831,,0,14,1,-2
CLOUDSTACK-9830,"Date: 2017-05-02T11:13:35.724-07:00, From: Open To: In ProgressDate: 2018-01-10T00:33:37.357-08:00, From: In Progress To: Closed",0,8,1,-2
CLOUDSTACK-9829,,0,4,3,-1
CLOUDSTACK-9828,,0,20,2,-2
CLOUDSTACK-9827,"Date: 2017-04-16T23:29:38.597-07:00, From: Open To: Resolved",0,69,4,-3
CLOUDSTACK-9826,"Date: 2017-03-07T08:42:31.215-08:00, From: Open To: Closed",0,1,1,-1
CLOUDSTACK-9825,,0,0,1,-1
CLOUDSTACK-9824,,0,9,2,-2
CLOUDSTACK-9823,"Date: 2017-03-08T18:26:22.102-08:00, From: Open To: ResolvedDate: 2017-03-08T18:26:32.402-08:00, From: Resolved To: ClosedDate: 2017-03-15T15:41:50.295-07:00, From: Closed To: ReopenedDate: 2017-03-15T15:42:01.859-07:00, From: Reopened To: ResolvedDate: 2017-03-15T15:42:06.566-07:00, From: Resolved To: Closed",1,1,1,-1
CLOUDSTACK-9822,"Date: 2017-03-08T13:43:20.676-08:00, From: Open To: ResolvedDate: 2017-03-08T13:43:27.931-08:00, From: Resolved To: ClosedDate: 2017-03-15T15:42:32.347-07:00, From: Closed To: ReopenedDate: 2017-03-15T15:42:52.276-07:00, From: Reopened To: ResolvedDate: 2017-03-15T15:42:56.694-07:00, From: Resolved To: Closed",1,2,1,-1
CLOUDSTACK-9821,"Date: 2017-03-08T02:47:19.814-08:00, From: Open To: ResolvedDate: 2017-03-15T15:43:47.427-07:00, From: Resolved To: Closed",0,21,1,-2
CLOUDSTACK-9820,,0,0,1,-1
CLOUDSTACK-9819,,0,0,1,-1
CLOUDSTACK-9818,,0,0,1,-1
CLOUDSTACK-9817,,0,0,1,-1
CLOUDSTACK-9816,"Date: 2017-03-09T08:00:30.104-08:00, From: Open To: Closed",0,1,1,-1
CLOUDSTACK-9815,,0,21,3,-2
CLOUDSTACK-9814,,0,12,2,-2
CLOUDSTACK-9813,,0,102,2,-3
CLOUDSTACK-9812,,0,6,1,-2
CLOUDSTACK-9811,"Date: 2017-04-16T23:28:41.844-07:00, From: Open To: Resolved",0,99,3,-3
CLOUDSTACK-9810,,0,0,1,-1
CLOUDSTACK-9809,,0,0,1,-1
CLOUDSTACK-9808,"Date: 2017-03-08T02:43:24.273-08:00, From: Open To: Resolved",0,13,1,-2
CLOUDSTACK-9807,"Date: 2017-03-08T02:43:10.356-08:00, From: Open To: Resolved",0,21,2,-2
CLOUDSTACK-9806,"Date: 2017-03-01T02:28:39.901-08:00, From: Open To: In ProgressDate: 2017-11-22T00:15:07.646-08:00, From: In Progress To: ResolvedDate: 2018-02-06T04:19:20.442-08:00, From: Resolved To: Closed",0,39,4,-2
CLOUDSTACK-9805,"Date: 2017-03-01T02:13:35.264-08:00, From: Open To: In ProgressDate: 2017-03-01T02:13:38.571-08:00, From: In Progress To: ReviewableDate: 2017-08-10T04:28:46.413-07:00, From: Reviewable To: Resolved",0,21,3,-2
CLOUDSTACK-9804,,0,2,2,-1
CLOUDSTACK-9803,"Date: 2017-12-17T12:26:35.899-08:00, From: Open To: Resolved",0,1,1,-1
CLOUDSTACK-9802,,0,0,1,-1
CLOUDSTACK-9801,"Date: 2017-09-12T07:34:49.184-07:00, From: Open To: ResolvedDate: 2017-09-12T07:36:23.210-07:00, From: Resolved To: Closed",0,7,1,-2
CLOUDSTACK-9800,,0,5,1,-2
CLOUDSTACK-9799,,0,7,3,-2
CLOUDSTACK-9798,,0,9,1,-2
CLOUDSTACK-9797,"Date: 2017-02-21T00:40:17.238-08:00, From: Open To: Resolved",0,1,1,-1
CLOUDSTACK-9796,"Date: 2017-05-02T11:14:25.423-07:00, From: Open To: In ProgressDate: 2017-05-02T11:14:56.975-07:00, From: In Progress To: ResolvedDate: 2017-05-02T11:15:03.089-07:00, From: Resolved To: Closed",0,32,3,-4
CLOUDSTACK-9795,"Date: 2017-02-27T05:47:34.940-08:00, From: Open To: Resolved",0,30,2,-2
CLOUDSTACK-9794,,0,53,3,-2
CLOUDSTACK-9793,,0,15,3,-2
CLOUDSTACK-9792,"Date: 2017-08-10T04:28:40.225-07:00, From: Open To: Closed",0,24,2,-2
CLOUDSTACK-9791,,0,0,1,-1
CLOUDSTACK-9790,"Date: 2017-02-17T02:43:54.474-08:00, From: Open To: In ProgressDate: 2017-02-17T04:20:23.995-08:00, From: In Progress To: ResolvedDate: 2017-03-15T15:43:58.413-07:00, From: Resolved To: Closed",0,12,2,-2
CLOUDSTACK-9789,"Date: 2017-07-09T23:31:26.352-07:00, From: Open To: ResolvedDate: 2017-07-09T23:31:34.001-07:00, From: Resolved To: Closed",0,19,1,-2
CLOUDSTACK-9788,"Date: 2017-07-09T23:31:41.622-07:00, From: Open To: ResolvedDate: 2017-07-09T23:31:48.608-07:00, From: Resolved To: Closed",0,21,1,-2
CLOUDSTACK-9787,"Date: 2017-07-09T23:31:53.877-07:00, From: Open To: ResolvedDate: 2017-07-09T23:32:00.761-07:00, From: Resolved To: Closed",0,18,1,-2
CLOUDSTACK-9786,,0,5,1,-2
CLOUDSTACK-9785,"Date: 2017-12-18T23:50:39.333-08:00, From: Open To: Resolved",0,10,1,-1
CLOUDSTACK-9784,"Date: 2017-03-01T00:26:43.594-08:00, From: Open To: Resolved",0,10,1,-2
CLOUDSTACK-9783,"Date: 2017-02-14T21:33:58.155-08:00, From: Open To: In ProgressDate: 2017-08-10T04:27:45.475-07:00, From: In Progress To: ReviewableDate: 2017-08-10T04:27:50.661-07:00, From: Reviewable To: Resolved",0,49,3,-2
CLOUDSTACK-9782,"Date: 2017-10-09T01:45:20.052-07:00, From: Open To: Resolved",0,49,2,-3
CLOUDSTACK-9781,,0,51,2,-2
CLOUDSTACK-9780,,0,21,2,-2
CLOUDSTACK-9779,,0,36,1,-3
CLOUDSTACK-9778,,0,5,2,-1
CLOUDSTACK-9777,,0,4,2,-1
CLOUDSTACK-9776,"Date: 2017-03-01T02:28:55.168-08:00, From: Open To: In ProgressDate: 2017-11-22T00:12:55.787-08:00, From: In Progress To: ResolvedDate: 2018-02-06T04:18:57.551-08:00, From: Resolved To: Closed",0,11,2,-2
CLOUDSTACK-9775,"Date: 2018-01-16T07:24:10.206-08:00, From: Open To: Closed",0,1,1,-1
CLOUDSTACK-9774,,0,0,1,-1
CLOUDSTACK-9773,,0,5,1,-2
CLOUDSTACK-9772,,0,49,2,-2
CLOUDSTACK-9771,,0,1,1,-1
CLOUDSTACK-9770,"Date: 2017-02-09T00:15:45.676-08:00, From: Open To: Closed",0,23,3,-2
CLOUDSTACK-9769,,0,0,1,-1
CLOUDSTACK-9768,,0,17,2,-2
CLOUDSTACK-9767,,0,2,1,-1
CLOUDSTACK-9766,"Date: 2017-02-20T20:34:59.434-08:00, From: Open To: Resolved",0,14,1,-2
CLOUDSTACK-9765,"Date: 2018-02-19T07:31:44.683-08:00, From: Open To: Closed",0,18,2,-2
CLOUDSTACK-9764,"Date: 2017-03-02T12:13:08.791-08:00, From: Open To: In ProgressDate: 2017-12-22T20:26:48.346-08:00, From: In Progress To: OpenDate: 2017-12-22T20:26:55.664-08:00, From: Open To: Resolved",1,66,3,-3
CLOUDSTACK-9763,,0,8,2,-2
CLOUDSTACK-9762,"Date: 2017-06-08T22:05:10.666-07:00, From: Open To: Resolved",0,3,1,-1
CLOUDSTACK-9761,"Date: 2017-06-21T02:19:04.747-07:00, From: Open To: Resolved",0,0,1,-1
CLOUDSTACK-9760,,0,0,1,-1
CLOUDSTACK-9759,,0,5,1,-2
CLOUDSTACK-9758,,0,0,1,-1
CLOUDSTACK-9757,"Date: 2017-05-25T03:21:21.648-07:00, From: Open To: Resolved",0,15,3,-2
CLOUDSTACK-9756,"Date: 2017-05-25T03:21:36.750-07:00, From: Open To: ResolvedDate: 2017-05-25T03:23:08.931-07:00, From: Resolved To: ReopenedDate: 2017-05-25T03:23:30.338-07:00, From: Reopened To: Resolved",1,12,2,-2
CLOUDSTACK-9755,"Date: 2018-01-04T22:11:52.645-08:00, From: Open To: In Progress",0,1,1,-1
CLOUDSTACK-9754,"Date: 2017-07-07T02:18:33.299-07:00, From: Open To: Closed",0,1,1,-1
CLOUDSTACK-9753,,0,8,1,-2
CLOUDSTACK-9752,"Date: 2017-03-02T12:14:56.880-08:00, From: Open To: Closed",0,34,2,-2
CLOUDSTACK-9751,"Date: 2017-10-31T10:28:50.058-07:00, From: Open To: ResolvedDate: 2017-10-31T10:29:03.885-07:00, From: Resolved To: Closed",0,4,1,-2
CLOUDSTACK-9750,,0,0,1,-1
CLOUDSTACK-9749,"Date: 2017-11-15T03:39:10.561-08:00, From: Open To: ResolvedDate: 2017-11-15T03:39:40.901-08:00, From: Resolved To: ClosedDate: 2018-01-09T05:54:43.714-08:00, From: Closed To: ReopenedDate: 2018-01-16T07:19:02.684-08:00, From: Reopened To: ResolvedDate: 2018-01-19T00:51:26.757-08:00, From: Resolved To: Closed",1,23,1,-2
CLOUDSTACK-9748,,0,34,3,-2
CLOUDSTACK-9747,,0,1,1,-1
CLOUDSTACK-9746,"Date: 2017-12-19T00:57:43.164-08:00, From: Open To: Resolved",0,41,3,-2
CLOUDSTACK-9745,,0,0,1,-1
CLOUDSTACK-9744,,0,0,1,-1
CLOUDSTACK-9743,,0,13,1,-2
CLOUDSTACK-9742,,0,2,1,-1
CLOUDSTACK-9740,"Date: 2017-10-23T04:05:59.534-07:00, From: Open To: Closed",0,10,1,-2
CLOUDSTACK-9739,,0,0,1,-1
CLOUDSTACK-9738,"Date: 2017-03-02T12:15:43.260-08:00, From: Open To: Closed",0,29,3,-2
CLOUDSTACK-9737,,0,1,1,-1
CLOUDSTACK-9736,"Date: 2017-12-18T23:43:17.351-08:00, From: Open To: Closed",0,11,3,-2
CLOUDSTACK-9735,,0,0,1,-1
CLOUDSTACK-9734,,0,3,1,-2
CLOUDSTACK-9733,,0,9,1,-2
CLOUDSTACK-9732,"Date: 2017-02-08T05:38:46.896-08:00, From: Open To: Closed",0,16,2,-2
CLOUDSTACK-9731,,0,9,1,-2
CLOUDSTACK-9730,,0,29,2,-2
CLOUDSTACK-9729,"Date: 2017-01-10T06:15:14.576-08:00, From: Open To: In ProgressDate: 2017-01-27T04:46:33.314-08:00, From: In Progress To: ResolvedDate: 2017-01-27T05:02:44.538-08:00, From: Resolved To: Closed",0,12,3,-2
CLOUDSTACK-9728,"Date: 2017-05-25T03:22:01.934-07:00, From: Open To: Resolved",0,12,1,-2
CLOUDSTACK-9727,,0,15,3,-2
CLOUDSTACK-9726,,0,14,2,-2
CLOUDSTACK-9725,,0,4,1,-2
CLOUDSTACK-9724,"Date: 2017-05-25T02:33:47.875-07:00, From: Open To: Resolved",0,12,1,-2
CLOUDSTACK-9723,"Date: 2017-05-25T03:22:19.152-07:00, From: Open To: Resolved",0,17,2,-2
CLOUDSTACK-9722,,0,1,1,-1
CLOUDSTACK-9721,,0,11,2,-2
CLOUDSTACK-9720,,0,28,1,-2
CLOUDSTACK-9719,,0,58,2,-2
CLOUDSTACK-9718,"Date: 2016-12-29T04:43:18.998-08:00, From: Open To: In ProgressDate: 2017-01-11T19:23:27.946-08:00, From: In Progress To: ReviewableDate: 2017-04-24T21:47:59.826-07:00, From: Reviewable To: Resolved",0,33,3,-2
CLOUDSTACK-9717,,0,24,2,-2
CLOUDSTACK-9716,,0,4,1,-3
CLOUDSTACK-9715,"Date: 2017-05-25T03:22:32.075-07:00, From: Open To: Resolved",0,9,1,-2
CLOUDSTACK-9714,,0,0,1,-1
CLOUDSTACK-9713,,0,0,1,-1
CLOUDSTACK-9712,"Date: 2017-06-28T22:02:15.521-07:00, From: Open To: Resolved",0,15,2,-2
CLOUDSTACK-9711,"Date: 2017-05-25T03:24:03.644-07:00, From: Open To: Resolved",0,11,1,-2
CLOUDSTACK-9710,"Date: 2017-08-10T04:27:39.396-07:00, From: Open To: Resolved",0,96,4,-2
CLOUDSTACK-9709,"Date: 2017-05-25T03:24:17.279-07:00, From: Open To: Resolved",0,28,2,-2
CLOUDSTACK-9708,,0,9,1,-2
CLOUDSTACK-9707,,0,22,2,-3
CLOUDSTACK-9706,,0,24,2,-2
CLOUDSTACK-9705,"Date: 2018-02-05T07:43:47.373-08:00, From: Open To: Resolved",0,10,1,-2
CLOUDSTACK-9704,,0,21,2,-2
CLOUDSTACK-9703,,0,2,1,-2
CLOUDSTACK-9702,,0,0,1,-1
CLOUDSTACK-9701,,0,7,1,-2
CLOUDSTACK-9700,"Date: 2017-01-06T04:31:06.059-08:00, From: Open To: In Progress",0,15,1,-2
CLOUDSTACK-9699,"Date: 2017-01-02T20:44:26.104-08:00, From: Open To: In Progress",0,18,2,-2
CLOUDSTACK-9698,,0,25,2,-4
CLOUDSTACK-9697,,0,5,2,-2
CLOUDSTACK-9696,,0,18,1,-2
CLOUDSTACK-9695,"Date: 2016-12-21T21:33:42.052-08:00, From: Open To: In Progress",0,11,1,-2
CLOUDSTACK-9694,,0,10,1,-2
CLOUDSTACK-9693,,0,6,2,-2
CLOUDSTACK-9692,,0,36,2,-2
CLOUDSTACK-9691,,0,56,3,-3
CLOUDSTACK-9690,,0,16,2,-2
CLOUDSTACK-9689,,0,3,1,-2
CLOUDSTACK-9688,"Date: 2017-01-06T03:15:22.960-08:00, From: Open To: Closed",0,24,2,-2
CLOUDSTACK-9687,"Date: 2017-12-19T00:58:07.702-08:00, From: Open To: Closed",0,6,1,-2
CLOUDSTACK-9686,,0,3,1,-2
CLOUDSTACK-9685,,0,3,1,-2
CLOUDSTACK-9684,,0,21,2,-2
CLOUDSTACK-9683,"Date: 2017-01-06T03:16:14.807-08:00, From: Open To: Closed",0,39,2,-2
CLOUDSTACK-9682,,0,13,1,-2
CLOUDSTACK-9681,,0,10,1,-2
CLOUDSTACK-9680,,0,0,1,-1
CLOUDSTACK-9679,,0,11,1,-2
CLOUDSTACK-9678,,0,13,1,-2
CLOUDSTACK-9677,,0,39,3,-3
CLOUDSTACK-9676,"Date: 2016-12-23T06:32:06.398-08:00, From: Open To: ResolvedDate: 2017-01-06T03:15:17.825-08:00, From: Resolved To: Closed",0,26,2,-2
CLOUDSTACK-9675,"Date: 2016-12-13T23:21:04.743-08:00, From: Open To: In ProgressDate: 2017-01-11T19:21:41.496-08:00, From: In Progress To: Reviewable",0,13,3,-2
CLOUDSTACK-9674,,0,3,3,-2
CLOUDSTACK-9673,"Date: 2016-12-13T16:51:10.463-08:00, From: Open To: In ProgressDate: 2016-12-23T06:31:43.528-08:00, From: In Progress To: OpenDate: 2016-12-23T06:31:50.549-08:00, From: Open To: ResolvedDate: 2017-01-06T03:15:16.592-08:00, From: Resolved To: Closed",1,12,2,-2
CLOUDSTACK-9672,,0,0,1,-1
CLOUDSTACK-9671,"Date: 2016-12-14T22:42:00.110-08:00, From: Open To: Resolved",0,6,1,-2
CLOUDSTACK-9670,"Date: 2018-02-20T08:47:31.497-08:00, From: Open To: Resolved",0,1,1,-1
CLOUDSTACK-9669,,0,0,1,-1
CLOUDSTACK-9668,,0,8,1,-2
CLOUDSTACK-9667,,0,3,1,-2
CLOUDSTACK-9666,,0,6,1,-2
CLOUDSTACK-9665,,0,4,1,-2
CLOUDSTACK-9664,,0,1,2,-1
CLOUDSTACK-9663,"Date: 2018-01-15T00:58:26.983-08:00, From: Open To: ResolvedDate: 2018-02-12T05:09:44.931-08:00, From: Resolved To: Closed",0,25,2,-4
CLOUDSTACK-9662,"Date: 2017-01-06T03:15:13.445-08:00, From: Open To: Closed",0,8,1,-1
CLOUDSTACK-9661,,0,1,1,-1
CLOUDSTACK-9660,,0,11,1,-2
CLOUDSTACK-9659,,0,14,1,-2
CLOUDSTACK-9658,,0,0,1,-1
CLOUDSTACK-9657,"Date: 2017-05-25T03:24:36.341-07:00, From: Open To: Resolved",0,8,1,-2
CLOUDSTACK-9656,"Date: 2017-12-19T00:58:33.722-08:00, From: Open To: Resolved",0,23,2,-2
CLOUDSTACK-9655,,0,23,2,-3
CLOUDSTACK-9654,"Date: 2016-12-05T21:27:22.812-08:00, From: Open To: In ProgressDate: 2016-12-08T18:53:57.034-08:00, From: In Progress To: OpenDate: 2016-12-08T18:54:08.456-08:00, From: Open To: Resolved",1,25,2,-2
CLOUDSTACK-9653,,0,28,1,-2
CLOUDSTACK-9652,,0,16,2,-2
CLOUDSTACK-9651,,0,7,1,-2
CLOUDSTACK-9650,"Date: 2017-01-10T01:33:17.544-08:00, From: Open To: Resolved",0,31,2,-3
CLOUDSTACK-9649,"Date: 2017-01-06T03:15:12.794-08:00, From: Open To: Closed",0,17,1,-2
CLOUDSTACK-9648,"Date: 2017-08-10T04:27:24.029-07:00, From: Open To: Closed",0,15,2,-2
CLOUDSTACK-9647,,0,29,2,-2
CLOUDSTACK-9646,"Date: 2016-12-02T02:04:41.551-08:00, From: Open To: In ProgressDate: 2016-12-02T02:04:47.256-08:00, From: In Progress To: ReviewableDate: 2016-12-21T20:48:22.501-08:00, From: Reviewable To: ResolvedDate: 2016-12-21T20:48:35.865-08:00, From: Resolved To: Closed",0,22,2,-2
CLOUDSTACK-9645,,0,11,2,-1
CLOUDSTACK-9644,,0,13,2,-1
CLOUDSTACK-9643,,0,12,2,-1
CLOUDSTACK-9642,,0,0,1,-1
CLOUDSTACK-9641,"Date: 2017-07-27T20:02:37.507-07:00, From: Open To: Closed",0,1,1,-1
CLOUDSTACK-9640,,0,0,1,-1
CLOUDSTACK-9639,"Date: 2017-01-06T03:15:10.522-08:00, From: Open To: Closed",0,17,2,-2
CLOUDSTACK-9638,,0,7,1,-2
CLOUDSTACK-9637,,0,20,2,-2
CLOUDSTACK-9636,,0,4,1,-3
CLOUDSTACK-9635,"Date: 2017-03-17T09:23:00.114-07:00, From: Open To: Resolved",0,51,2,-2
CLOUDSTACK-9634,"Date: 2017-03-17T09:22:37.890-07:00, From: Open To: Resolved",0,6,1,-1
CLOUDSTACK-9633,,0,63,3,-2
CLOUDSTACK-9632,"Date: 2017-08-10T04:27:11.283-07:00, From: Open To: ResolvedDate: 2018-02-06T01:29:07.259-08:00, From: Resolved To: Closed",0,132,2,-2
CLOUDSTACK-9631,,0,5,1,-1
CLOUDSTACK-9630,,0,18,1,-2
CLOUDSTACK-9629,"Date: 2016-11-30T03:43:21.065-08:00, From: Open To: Closed",0,0,1,-1
CLOUDSTACK-9628,,0,18,1,-3
CLOUDSTACK-9627,,0,14,2,-2
CLOUDSTACK-9626,,0,41,2,-2
CLOUDSTACK-9625,,0,12,1,-2
CLOUDSTACK-9624,"Date: 2016-11-27T22:59:06.344-08:00, From: Open To: In ProgressDate: 2016-11-29T03:56:05.394-08:00, From: In Progress To: OpenDate: 2016-11-29T03:56:20.817-08:00, From: Open To: Resolved",1,24,2,-2
CLOUDSTACK-9623,,0,10,1,-2
CLOUDSTACK-9622,"Date: 2016-11-27T08:59:58.908-08:00, From: Open To: Closed",0,17,1,-2
CLOUDSTACK-9621,"Date: 2016-11-27T09:01:01.945-08:00, From: Open To: Closed",0,6,1,-1
